player_id,match_id,minutes_played,goals,assists,total_shots,xg,xa,shots_on_target,successful_dribbles,big_chances_missed,touches_opposition_box,touches,accurate_passes,accurate_passes_percent,chances_created,final_third_passes,accurate_crosses,accurate_crosses_percent,accurate_long_balls,accurate_long_balls_percent,tackles_won,interceptions,recoveries,blocks,clearances,headed_clearances,dribbled_past,duels_won,duels_lost,ground_duels_won,ground_duels_won_percent,aerial_duels_won,aerial_duels_won_percent,was_fouled,fouls_committed,saves,goals_conceded,xgot_faced,goals_prevented,sweeper_actions,gk_accurate_passes,gk_accurate_long_balls,dispossessed,high_claim,corners,saves_inside_box,offsides,successful_dribbles_percent,tackles_won_percent,xgot,tackles_attempted,tackles,start_min,finish_min,team_goals_conceded
21,25-26-friendly-arsenal-vs-milan,66,0,0,3,0.0,0.0,0,1,0,2,36,25,96.0,0.0,5,0,0.0,1,100.0,1,0,1,0,0,0,0,2,1,2,67.0,0,0.0,0,0,0,0,0.0,0.0,0,0,0,0,0,2,0,0,50.0,100.0,0.0,,1.0,,,
24,25-26-friendly-arsenal-vs-milan,45,0,0,0,0.0,0.0,0,0,0,0,37,28,88.0,1.0,4,0,0.0,0,0.0,0,0,5,0,1,1,1,1,2,1,33.0,0,0.0,0,0,0,0,0.0,0.0,0,0,0,1,0,0,0,0,0.0,0.0,0.0,,1.0,,,
16,25-26-friendly-arsenal-vs-milan,66,1,0,3,0.0,0.0,2,0,0,11,49,25,86.0,2.0,1,1,25.0,1,100.0,2,0,2,0,0,0,2,5,8,5,45.0,0,0.0,2,2,0,0,0.0,0.0,0,0,0,0,0,5,0,1,0.0,67.0,0.0,,3.0,,,
7,25-26-friendly-arsenal-vs-milan,45,0,0,1,0.0,0.0,1,0,0,1,41,32,89.0,2.0,6,0,0.0,0,0.0,1,2,3,0,1,0,0,3,2,1,33.0,2,100.0,0,2,0,0,0.0,0.0,0,0,0,0,0,0,0,0,0.0,100.0,0.0,,1.0,,,
9,25-26-friendly-arsenal-vs-milan,45,0,1,0,0.0,0.0,0,0,0,1,29,25,93.0,2.0,5,1,100.0,0,0.0,0,0,4,0,0,0,0,1,1,1,100.0,0,0.0,0,0,0,0,0.0,0.0,0,0,0,0,0,0,0,0,0.0,0.0,0.0,,1.0,,,
6,25-26-friendly-arsenal-vs-milan,66,0,0,0,0.0,0.0,0,0,0,0,49,43,98.0,0.0,9,0,0.0,0,0.0,1,1,3,1,2,2,0,2,1,1,100.0,1,50.0,0,0,0,0,0.0,0.0,0,0,0,0,0,0,0,0,0.0,100.0,0.0,,1.0,,,
17,25-26-friendly-arsenal-vs-milan,45,0,0,3,0.0,0.0,1,0,0,3,49,34,89.0,1.0,5,1,33.0,1,100.0,0,2,2,0,0,0,0,1,0,1,100.0,0,0.0,1,0,0,0,0.0,0.0,0,0,0,0,0,7,0,0,0.0,0.0,0.0,,0.0,,,
30,25-26-friendly-arsenal-vs-milan,79,0,0,2,0.0,0.0,0,0,0,8,24,14,82.0,2.0,1,0,0.0,1,100.0,1,0,3,0,1,1,1,3,4,2,50.0,1,33.0,1,0,0,0,0.0,0.0,0,0,0,0,0,0,0,0,0.0,100.0,0.0,,1.0,,,
20,25-26-friendly-arsenal-vs-milan,45,0,0,2,0.0,0.0,2,1,0,2,37,24,83.0,0.0,0,1,50.0,0,0.0,0,1,4,0,0,0,0,1,1,1,50.0,0,0.0,0,0,0,0,0.0,0.0,0,0,0,1,0,0,0,0,100.0,0.0,0.0,,0.0,,,
12,25-26-friendly-arsenal-vs-milan,45,0,0,0,0.0,0.0,0,0,0,0,32,24,96.0,0.0,3,0,0.0,1,50.0,0,1,3,0,0,0,0,0,2,0,0.0,0,0.0,0,1,0,0,0.0,0.0,0,0,0,0,0,0,0,0,0.0,0.0,0.0,,0.0,,,
10,25-26-friendly-arsenal-vs-milan,45,0,0,0,0.0,0.0,0,0,0,2,33,27,87.0,0.0,6,0,0.0,2,100.0,0,0,2,0,0,0,0,1,0,0,0.0,1,100.0,0,0,0,0,0.0,0.0,0,0,0,0,0,0,0,0,0.0,0.0,0.0,,0.0,,,
15,25-26-friendly-arsenal-vs-milan,24,0,0,0,0.0,0.0,0,0,0,0,17,11,92.0,0.0,2,0,0.0,0,0.0,2,0,1,0,0,0,0,3,0,3,100.0,0,0.0,0,0,0,0,0.0,0.0,0,0,0,0,0,0,0,0,0.0,67.0,0.0,,3.0,,,
25,25-26-friendly-arsenal-vs-milan,45,0,0,2,0.0,0.0,1,2,0,3,26,12,86.0,1.0,1,0,0.0,0,0.0,1,0,0,0,1,1,1,4,5,4,44.0,0,0.0,0,2,0,0,0.0,0.0,0,0,0,2,0,0,0,0,100.0,50.0,0.0,,2.0,,,
2,25-26-friendly-arsenal-vs-milan,45,0,0,0,0.0,0.0,0,0,0,0,11,6,75.0,0.0,1,0,0.0,1,33.0,0,0,2,0,0,0,0,0,0,0,0.0,0,0.0,0,0,1,0,0.0,0.0,0,6,1,0,0,0,0,0,0.0,0.0,0.0,,0.0,,,
11,25-26-friendly-arsenal-vs-milan,66,0,0,2,0.0,0.0,0,0,0,4,47,30,97.0,2.0,6,0,0.0,1,100.0,1,0,1,0,1,0,0,2,1,2,100.0,0,0.0,1,0,0,0,0.0,0.0,0,0,0,0,0,0,0,0,0.0,100.0,0.0,,1.0,,,
26,25-26-friendly-arsenal-vs-milan,45,0,0,0,0.0,0.0,0,0,0,1,42,31,89.0,2.0,11,0,0.0,2,100.0,1,1,1,0,1,0,2,3,2,3,60.0,0,0.0,1,0,0,0,0.0,0.0,0,0,0,0,0,0,0,0,0.0,50.0,0.0,,2.0,,,
19,25-26-friendly-arsenal-vs-milan,45,0,0,1,0.0,0.0,0,2,0,4,19,6,75.0,0.0,0,0,0.0,0,0.0,0,0,4,0,0,0,1,3,3,3,50.0,0,0.0,1,0,0,0,0.0,0.0,0,0,0,0,0,0,0,0,50.0,0.0,0.0,,0.0,,,
22,25-26-friendly-arsenal-vs-milan,24,0,0,1,0.0,0.0,1,0,0,1,10,8,89.0,1.0,1,0,0.0,1,100.0,0,0,1,0,0,0,0,2,1,0,0.0,2,100.0,0,1,0,0,0.0,0.0,0,0,0,0,0,0,0,0,0.0,0.0,0.0,,0.0,,,
27,25-26-friendly-arsenal-vs-milan,11,0,0,2,0.0,0.0,1,0,0,3,15,10,91.0,2.0,0,1,100.0,0,0.0,0,0,1,0,0,0,0,0,1,0,0.0,0,0.0,0,0,0,0,0.0,0.0,0,0,0,1,0,0,0,0,0.0,0.0,0.0,,0.0,,,
1,25-26-friendly-arsenal-vs-milan,45,0,0,0,0.0,0.0,0,0,0,0,8,4,57.0,0.0,1,0,0.0,0,0.0,0,0,3,0,0,0,0,0,0,0,0.0,0,0.0,0,0,0,0,0.0,0.0,0,4,0,0,0,0,0,0,0.0,0.0,0.0,,0.0,,,
488,25-26-friendly-newcastle-united-vs-celtic,45,0,0,1,0.02,0.05,0,2,0,0,37,25,,2.0,6,0,,3,,1,0,4,0,0,0,0,6,1,6,,0,,2,0,0,0,0.0,0.0,0,0,0,0,0,0,0,0,,,0.0,,,0.0,0.0,0.0
491,25-26-friendly-newcastle-united-vs-celtic,45,0,0,1,0.05,0.08,1,0,0,0,39,32,,1.0,4,1,,3,,1,1,4,0,0,0,0,3,0,2,,1,,1,0,0,0,0.0,0.0,0,0,0,0,0,0,0,0,,,0.0,,,0.0,0.0,0.0
478,25-26-friendly-newcastle-united-vs-celtic,45,0,0,0,0.0,0.09,0,0,0,1,40,17,,2.0,5,4,,0,,0,2,2,0,1,0,0,1,1,0,,1,,0,1,0,0,0.0,0.0,0,0,0,0,0,0,0,0,,,0.0,,,0.0,0.0,0.0
500,25-26-friendly-newcastle-united-vs-celtic,76,0,0,4,0.32,0.0,2,1,1,7,22,9,,0.0,0,0,,1,,0,0,1,0,0,0,0,4,2,2,,2,,1,0,0,0,0.0,0.0,0,0,0,0,0,0,0,0,,,0.0,,,0.0,0.0,0.0
479,25-26-friendly-newcastle-united-vs-celtic,45,0,0,0,0.0,0.31,0,0,0,0,53,36,,1.0,7,1,,1,,0,0,2,0,1,0,0,1,0,1,,0,,1,0,0,0,0.0,0.0,0,0,0,0,0,0,0,0,,,0.0,,,0.0,0.0,0.0
476,25-26-friendly-newcastle-united-vs-celtic,45,0,0,0,0.0,0.01,0,0,0,0,50,40,,0.0,4,0,,3,,0,0,2,0,2,0,0,2,1,2,,0,,1,1,0,0,0.0,0.0,0,0,0,0,0,0,0,0,,,0.0,,,0.0,0.0,0.0
481,25-26-friendly-newcastle-united-vs-celtic,45,0,0,0,0.0,0.07,0,1,0,0,42,22,,1.0,2,1,,0,,0,0,3,0,1,0,0,4,4,4,,0,,2,1,0,0,0.0,0.0,0,0,0,0,0,0,0,0,,,0.0,,,0.0,0.0,0.0
484,25-26-friendly-newcastle-united-vs-celtic,45,0,0,0,0.0,0.02,0,0,0,0,43,28,,0.0,2,0,,0,,1,1,1,0,1,1,0,2,2,1,,1,,0,0,0,0,0.0,0.0,0,0,0,0,0,0,0,0,,,0.0,,,0.0,0.0,0.0
486,25-26-friendly-newcastle-united-vs-celtic,45,0,0,1,0.02,0.09,1,1,0,1,28,14,,1.0,0,2,,1,,0,0,1,0,0,0,0,3,4,3,,0,,2,0,0,0,0.0,0.0,0,0,0,0,0,0,0,0,,,0.0,,,0.0,0.0,0.0
485,25-26-friendly-newcastle-united-vs-celtic,45,0,0,1,0.05,0.04,0,1,0,4,25,14,,1.0,2,0,,1,,1,0,0,0,0,0,1,4,3,4,,0,,2,1,0,0,0.0,0.0,0,0,0,0,0,0,0,0,,,0.0,,,0.0,0.0,0.0
498,25-26-friendly-newcastle-united-vs-celtic,45,0,0,1,0.13,0.02,0,0,0,2,29,16,,0.0,3,0,,0,,2,0,1,0,0,0,0,2,2,2,,0,,0,1,0,0,0.0,0.0,0,0,0,0,0,0,0,0,,,0.0,,,0.0,0.0,0.0
474,25-26-friendly-newcastle-united-vs-celtic,45,0,0,2,0.07,0.02,0,1,0,3,49,33,,0.0,8,0,,6,,0,0,0,0,3,1,0,2,2,1,,1,,0,2,0,0,0.0,0.0,0,0,0,0,0,0,0,0,,,0.0,,,0.0,0.0,0.0
475,25-26-friendly-newcastle-united-vs-celtic,45,0,0,0,0.0,0.01,0,0,0,0,48,44,,0.0,5,0,,4,,0,0,1,1,1,1,0,1,0,0,,1,,0,0,0,0,0.0,0.0,0,0,0,0,0,0,0,0,,,0.0,,,0.0,0.0,0.0
480,25-26-friendly-newcastle-united-vs-celtic,45,0,0,1,0.02,0.01,1,0,0,1,52,48,,0.0,4,0,,4,,0,0,2,0,0,0,0,1,1,0,,1,,0,1,0,0,0.0,0.0,0,0,0,0,0,0,0,0,,,0.0,,,0.0,0.0,0.0
487,25-26-friendly-newcastle-united-vs-celtic,45,0,0,1,0.03,0.04,0,0,0,4,25,15,,2.0,3,2,,0,,0,0,1,0,0,0,0,0,1,0,,0,,0,0,0,0,0.0,0.0,0,0,0,0,0,0,0,0,,,0.0,,,0.0,0.0,0.0
497,25-26-friendly-newcastle-united-vs-celtic,76,0,0,1,0.09,0.02,0,0,0,3,45,34,,0.0,4,0,,0,,0,0,4,0,0,0,0,1,2,1,,0,,1,0,0,0,0.0,0.0,0,0,0,0,0,0,0,0,,,0.0,,,0.0,0.0,0.0
489,25-26-friendly-newcastle-united-vs-celtic,45,0,0,2,0.06,0.01,1,0,0,6,18,6,,0.0,0,1,,0,,0,0,2,0,0,0,1,0,1,0,,0,,0,0,0,0,0.0,0.0,0,0,0,0,0,0,0,0,,,0.0,,,0.0,0.0,0.0
501,25-26-friendly-newcastle-united-vs-celtic,14,0,0,1,0.25,0.0,1,0,1,1,6,2,,1.0,0,0,,0,,0,0,0,0,0,0,0,0,2,0,,0,,0,0,0,0,0.0,0.0,0,0,0,0,0,0,0,0,,,0.0,,,0.0,0.0,0.0
494,25-26-friendly-newcastle-united-vs-celtic,45,0,0,0,0.0,0.02,0,0,0,2,12,12,,1.0,0,0,,0,,0,0,2,0,0,0,1,0,2,0,,0,,0,1,0,0,0.0,0.0,0,0,0,0,0,0,0,0,,,0.0,,,0.0,0.0,0.0
470,25-26-friendly-newcastle-united-vs-celtic,45,0,0,0,0.0,0.0,0,0,0,0,36,31,,0.0,0,0,,5,,0,0,2,0,0,0,0,0,0,0,,0,,0,0,1,2,1.23,0.77,0,31,5,0,0,0,0,0,,,0.0,,,0.0,0.0,0.0
469,25-26-friendly-newcastle-united-vs-celtic,45,0,0,0,0.0,0.0,0,0,0,0,19,13,,0.0,0,0,,0,,0,0,3,0,1,0,0,0,0,0,,0,,0,0,1,2,1.79,0.21,0,13,0,0,0,0,0,0,,,0.0,,,0.0,0.0,0.0
266,25-26-friendly-crystal-palace-vs-crawley-town,65,1,0,5,0.87,0.16,3,4,0,4,59,32,,2.0,3,1,,2,,0,1,8,0,0,0,1,6,3,6,,0,,2,1,0,0,0.0,0.0,0,0,0,0,0,0,0,0,,,0.0,,,0.0,0.0,0.0
283,25-26-friendly-crystal-palace-vs-crawley-town,65,1,1,2,0.66,0.31,1,0,1,4,21,10,,1.0,2,0,,2,,0,0,0,0,0,0,0,1,1,1,,0,,0,0,0,0,0.0,0.0,0,0,0,0,0,0,0,0,,,0.0,,,0.0,0.0,0.0
263,25-26-friendly-crystal-palace-vs-crawley-town,77,0,0,1,0.12,0.17,0,1,0,2,66,45,,0.0,9,0,,3,,2,4,9,0,2,0,0,5,1,4,,1,,1,1,0,0,0.0,0.0,0,0,0,0,0,0,0,0,,,0.0,,,0.0,0.0,0.0
258,25-26-friendly-crystal-palace-vs-crawley-town,45,0,1,0,0.0,0.04,0,0,0,2,36,13,,1.0,3,1,,1,,1,2,2,0,1,0,0,2,0,2,,0,,1,0,0,0,0.0,0.0,0,0,0,0,0,0,0,0,,,0.0,,,0.0,0.0,0.0
256,25-26-friendly-crystal-palace-vs-crawley-town,45,1,0,1,0.2,0.1,1,0,0,2,30,19,,0.0,1,0,,0,,1,1,2,0,0,0,0,2,2,1,,1,,0,2,0,0,0.0,0.0,0,0,0,0,0,0,0,0,,,0.0,,,0.0,0.0,0.0
257,25-26-friendly-crystal-palace-vs-crawley-town,90,0,0,0,0.0,0.01,0,0,0,0,58,43,,0.0,3,0,,3,,0,2,6,0,4,3,0,5,0,1,,4,,1,0,0,0,0.0,0.0,0,0,0,0,0,0,0,0,,,0.0,,,0.0,0.0,0.0
253,25-26-friendly-crystal-palace-vs-crawley-town,90,0,0,0,0.0,0.0,0,0,0,0,13,5,,0.0,1,0,,1,,0,0,6,0,0,0,0,0,0,0,,0,,0,0,1,0,0.28,0.28,0,5,1,0,0,0,0,0,,,0.0,,,0.0,0.0,0.0
267,25-26-friendly-crystal-palace-vs-crawley-town,64,0,0,2,0.1,0.19,2,1,0,10,42,24,,3.0,1,0,,1,,0,0,4,0,1,1,1,4,4,2,,2,,1,0,0,0,0.0,0.0,0,0,0,0,0,0,0,0,,,0.0,,,0.0,0.0,0.0
259,25-26-friendly-crystal-palace-vs-crawley-town,45,0,0,1,0.06,0.21,0,0,0,1,40,21,,2.0,2,0,,1,,1,1,2,0,1,1,1,2,2,2,,0,,1,1,0,0,0.0,0.0,0,0,0,0,0,0,0,0,,,0.0,,,0.0,0.0,0.0
272,25-26-friendly-crystal-palace-vs-crawley-town,77,0,0,0,0.0,0.02,0,0,0,0,60,46,,0.0,7,0,,4,,0,1,7,0,0,0,0,0,3,0,,0,,0,2,0,0,0.0,0.0,0,0,0,0,0,0,0,0,,,0.0,,,0.0,0.0,0.0
270,25-26-friendly-crystal-palace-vs-crawley-town,45,0,0,1,0.04,0.06,0,0,0,0,40,27,,1.0,2,0,,2,,1,2,1,0,0,0,1,1,1,1,,0,,0,0,0,0,0.0,0.0,0,0,0,0,0,0,0,0,,,0.0,,,0.0,0.0,0.0
271,25-26-friendly-crystal-palace-vs-crawley-town,45,0,0,1,0.03,0.35,0,0,0,0,40,29,,1.0,8,1,,6,,0,1,4,0,0,0,0,1,1,1,,0,,1,1,0,0,0.0,0.0,0,0,0,0,0,0,0,0,,,0.0,,,0.0,0.0,0.0
276,25-26-friendly-crystal-palace-vs-crawley-town,45,0,0,1,0.07,0.01,0,1,0,0,29,14,,0.0,4,0,,1,,1,1,1,0,2,1,0,3,3,3,,0,,0,2,0,0,0.0,0.0,0,0,0,0,0,0,0,0,,,0.0,,,0.0,0.0,0.0
278,25-26-friendly-crystal-palace-vs-crawley-town,25,0,0,1,0.07,0.09,0,1,0,3,15,7,,1.0,0,0,,0,,1,0,2,0,0,0,0,2,2,2,,0,,0,0,0,0,0.0,0.0,0,0,0,0,0,0,0,0,,,0.0,,,0.0,0.0,0.0
275,25-26-friendly-crystal-palace-vs-crawley-town,90,0,0,1,0.14,0.08,1,0,0,1,23,16,,0.0,1,0,,0,,0,1,1,0,0,0,1,0,3,0,,0,,0,1,0,0,0.0,0.0,0,0,0,0,0,0,0,0,,,0.0,,,0.0,0.0,0.0
254,25-26-friendly-crystal-palace-vs-crawley-town,45,0,0,0,0.0,0.0,0,0,0,0,20,15,,0.0,1,0,,3,,0,0,5,0,0,0,0,0,0,0,,0,,0,0,1,0,0.05,0.05,0,15,3,0,0,0,0,0,,,0.0,,,0.0,0.0,0.0
273,25-26-friendly-crystal-palace-vs-crawley-town,45,0,0,0,0.0,0.05,0,0,0,1,29,19,,1.0,5,0,,0,,0,0,3,0,0,0,0,1,2,1,,0,,0,0,0,0,0.0,0.0,0,0,0,0,0,0,0,0,,,0.0,,,0.0,0.0,0.0
285,25-26-friendly-crystal-palace-vs-crawley-town,25,0,0,1,0.08,0.01,0,0,0,0,8,5,,0.0,1,0,,0,,0,0,0,0,0,0,0,0,1,0,,0,,0,0,0,0,0.0,0.0,0,0,0,0,0,0,0,0,,,0.0,,,0.0,0.0,0.0
269,25-26-friendly-crystal-palace-vs-crawley-town,26,0,0,1,0.06,0.07,0,0,0,3,15,8,,0.0,1,0,,1,,0,0,1,0,0,0,0,1,4,1,,0,,1,1,0,0,0.0,0.0,0,0,0,0,0,0,0,0,,,0.0,,,0.0,0.0,0.0
281,25-26-friendly-crystal-palace-vs-crawley-town,1,0,0,0,0.0,0.0,0,0,0,0,2,1,,0.0,0,0,,0,,0,0,0,0,0,0,0,0,0,0,,0,,0,0,0,0,0.0,0.0,0,0,0,0,0,0,0,0,,,0.0,,,0.0,0.0,0.0
387,25-26-friendly-milan-vs-liverpool,90,1,0,2,0.0,0.0,2,1,0,1,51,41,,1.0,9,0,,2,,1,0,0,0,1,0,1,3,1,3,,0,,1,0,0,0,0.0,0.0,0,0,0,0,0,0,0,0,,,0.0,,,0.0,0.0,0.0
374,25-26-friendly-milan-vs-liverpool,45,0,1,1,0.0,0.0,0,0,0,1,52,43,,2.0,6,0,,1,,2,0,2,0,0,0,0,5,0,4,,1,,2,0,0,0,0.0,0.0,0,0,0,0,0,0,0,0,,,0.0,,,0.0,0.0,0.0
384,25-26-friendly-milan-vs-liverpool,45,1,0,3,0.0,0.0,1,0,1,4,43,25,,4.0,1,3,,1,,0,0,1,0,0,0,0,0,2,0,,0,,0,0,0,0,0.0,0.0,0,0,0,0,0,3,0,0,,,0.0,,,0.0,0.0,0.0
370,25-26-friendly-milan-vs-liverpool,45,0,0,1,0.0,0.0,1,2,0,6,39,21,,1.0,1,0,,1,,1,0,1,0,0,0,0,6,2,6,,0,,2,1,0,0,0.0,0.0,0,0,0,0,0,0,0,0,,,0.0,,,0.0,0.0,0.0
366,25-26-friendly-milan-vs-liverpool,90,0,0,0,0.0,0.0,0,0,0,0,23,15,,0.0,3,0,,3,,0,0,7,0,2,0,0,0,0,0,,0,,0,0,4,1,0.0,0.0,2,15,3,0,0,0,3,0,,,0.0,,,0.0,0.0,0.0
390,25-26-friendly-milan-vs-liverpool,63,0,0,1,0.0,0.0,0,0,0,0,69,54,,0.0,10,0,,2,,1,3,5,0,2,0,1,4,1,4,,0,,3,0,0,0,0.0,0.0,0,0,0,0,0,0,0,0,,,0.0,,,0.0,0.0,0.0
371,25-26-friendly-milan-vs-liverpool,45,0,0,0,0.0,0.0,0,0,0,1,36,28,,0.0,3,0,,0,,0,1,4,0,1,0,0,2,0,1,,1,,1,0,0,0,0.0,0.0,0,0,0,0,0,0,0,0,,,0.0,,,0.0,0.0,0.0
389,25-26-friendly-milan-vs-liverpool,90,0,0,0,0.0,0.0,0,0,0,2,40,32,,1.0,4,0,,5,,1,0,2,0,0,0,0,1,1,1,,0,,0,0,0,0,0.0,0.0,0,0,0,0,0,0,0,0,,,0.0,,,0.0,0.0,0.0
382,25-26-friendly-milan-vs-liverpool,90,0,0,0,0.0,0.0,0,1,0,2,36,29,,0.0,1,0,,0,,0,0,1,0,0,0,0,1,1,1,,0,,0,0,0,0,0.0,0.0,0,0,0,0,0,1,0,0,,,0.0,,,0.0,0.0,0.0
396,25-26-friendly-milan-vs-liverpool,58,0,0,2,0.0,0.0,0,0,0,2,34,23,,0.0,6,0,,0,,2,1,2,0,0,0,0,3,3,3,,0,,0,1,0,0,0.0,0.0,0,0,0,1,0,0,0,0,,,0.0,,,0.0,0.0,0.0
373,25-26-friendly-milan-vs-liverpool,90,0,0,0,0.0,0.0,0,0,0,0,50,42,,0.0,10,0,,3,,0,0,2,0,3,2,1,2,3,1,,1,,1,0,0,0,0.0,0.0,0,0,0,0,0,0,0,0,,,0.0,,,0.0,0.0,0.0
381,25-26-friendly-milan-vs-liverpool,90,0,0,2,0.0,0.0,0,1,0,5,37,23,,0.0,1,0,,1,,0,0,2,0,0,0,0,1,3,1,,0,,0,0,0,0,0.0,0.0,0,0,0,0,0,0,0,0,,,0.0,,,0.0,0.0,0.0
388,25-26-friendly-milan-vs-liverpool,45,0,0,1,0.0,0.0,0,0,0,3,44,36,,0.0,6,0,,0,,0,0,2,0,1,1,0,0,3,0,,0,,0,0,0,0,0.0,0.0,0,0,0,0,0,0,0,0,,,0.0,,,0.0,0.0,0.0
375,25-26-friendly-milan-vs-liverpool,45,0,0,1,0.0,0.0,0,0,0,2,33,25,,0.0,3,0,,0,,1,0,0,0,0,0,2,4,3,3,,1,,1,0,0,0,0.0,0.0,0,0,0,1,0,0,0,1,,,0.0,,,0.0,0.0,0.0
372,25-26-friendly-milan-vs-liverpool,90,0,0,1,0.0,0.0,1,0,0,1,32,23,,0.0,4,0,,0,,0,0,0,0,0,0,0,0,0,0,,0,,0,0,0,0,0.0,0.0,0,0,0,0,0,0,0,0,,,0.0,,,0.0,0.0,0.0
395,25-26-friendly-milan-vs-liverpool,59,0,0,1,0.0,0.0,0,0,0,1,71,62,,1.0,7,0,,4,,0,0,2,0,0,0,1,2,2,2,,0,,1,1,0,0,0.0,0.0,0,0,0,0,0,0,0,0,,,0.0,,,0.0,0.0,0.0
391,25-26-friendly-milan-vs-liverpool,45,0,0,1,0.0,0.0,1,0,0,4,17,9,,0.0,0,0,,0,,0,0,4,0,0,0,0,1,2,0,,1,,0,1,0,0,0.0,0.0,0,0,0,1,0,0,0,0,,,0.0,,,0.0,0.0,0.0
367,25-26-friendly-milan-vs-liverpool,45,0,0,0,0.0,0.0,0,0,0,0,7,7,,0.0,0,0,,1,,0,0,1,0,0,0,0,0,0,0,,0,,0,0,0,2,0.0,0.0,0,7,1,0,0,0,0,0,,,0.0,,,0.0,0.0,0.0
377,25-26-friendly-milan-vs-liverpool,45,0,0,0,0.0,0.0,0,0,0,0,68,61,,0.0,11,1,,2,,0,1,4,0,0,0,0,1,0,1,,0,,0,0,0,0,0.0,0.0,0,0,0,0,0,0,0,0,,,0.0,,,0.0,0.0,0.0
53,25-26-friendly-aston-villa-vs-eintracht-frankfurt,63,0,2,0,0.0,0.58,0,0,0,6,20,5,,2.0,2,0,,1,,1,1,2,0,0,0,0,2,4,2,,0,,1,0,0,0,0.0,0.0,0,0,0,0,0,0,0,0,,,0.0,,,0.0,0.0,0.0
64,25-26-friendly-aston-villa-vs-eintracht-frankfurt,64,1,0,2,0.33,0.1,1,1,0,5,21,5,,0.0,0,0,,0,,1,0,0,0,0,0,0,6,1,5,,1,,3,1,0,0,0.0,0.0,0,0,0,0,0,0,0,0,,,0.0,,,0.0,0.0,0.0
58,25-26-friendly-aston-villa-vs-eintracht-frankfurt,64,0,0,0,0.0,0.01,0,2,0,0,39,24,,0.0,5,0,,4,,0,1,5,2,4,3,0,5,0,4,,1,,2,0,0,0,0.0,0.0,0,0,0,0,0,0,0,0,,,0.0,,,0.0,0.0,0.0
47,25-26-friendly-aston-villa-vs-eintracht-frankfurt,47,1,0,1,0.25,0.0,1,0,0,2,12,4,,1.0,0,0,,0,,0,0,1,0,1,1,0,0,2,0,,0,,0,0,0,0,0.0,0.0,0,0,0,0,0,0,0,0,,,0.0,,,0.0,0.0,0.0
37,25-26-friendly-aston-villa-vs-eintracht-frankfurt,63,0,0,0,0.0,0.07,0,0,0,1,44,24,,0.0,1,1,,1,,1,2,5,0,2,2,0,4,2,3,,1,,2,0,0,0,0.0,0.0,0,0,0,0,0,0,0,0,,,0.0,,,0.0,0.0,0.0
59,25-26-friendly-aston-villa-vs-eintracht-frankfurt,47,0,0,0,0.0,0.37,0,0,0,0,25,12,,1.0,3,0,,2,,0,0,0,1,1,0,0,8,1,7,,1,,5,1,0,0,0.0,0.0,0,0,0,0,0,0,0,0,,,0.0,,,0.0,0.0,0.0
36,25-26-friendly-aston-villa-vs-eintracht-frankfurt,45,0,0,0,0.0,0.02,0,0,0,0,26,16,,0.0,0,1,,0,,1,0,2,0,2,1,0,2,1,2,,0,,1,0,0,0,0.0,0.0,0,0,0,0,0,0,0,0,,,0.0,,,0.0,0.0,0.0
41,25-26-friendly-aston-villa-vs-eintracht-frankfurt,47,0,0,0,0.0,0.0,0,0,0,0,35,30,,0.0,2,0,,1,,1,0,0,0,2,1,0,3,1,2,,1,,1,0,0,0,0.0,0.0,0,0,0,0,0,0,0,0,,,0.0,,,0.0,0.0,0.0
48,25-26-friendly-aston-villa-vs-eintracht-frankfurt,45,0,0,0,0.0,0.0,0,1,0,0,32,16,,0.0,4,0,,2,,0,0,2,1,3,3,0,4,3,3,,1,,2,0,0,0,0.0,0.0,0,0,0,0,0,0,0,0,,,0.0,,,0.0,0.0,0.0
51,25-26-friendly-aston-villa-vs-eintracht-frankfurt,26,0,0,0,0.0,0.05,0,1,0,1,9,6,,1.0,0,0,,0,,0,1,1,0,0,0,0,1,1,1,,0,,0,0,0,0,0.0,0.0,0,0,0,0,0,0,0,0,,,0.0,,,0.0,0.0,0.0
62,25-26-friendly-aston-villa-vs-eintracht-frankfurt,26,0,0,1,0.22,0.05,0,1,1,2,6,2,,0.0,0,0,,0,,0,0,0,0,0,0,0,2,0,2,,0,,1,0,0,0,0.0,0.0,0,0,0,0,0,0,0,0,,,0.0,,,0.0,0.0,0.0
44,25-26-friendly-aston-villa-vs-eintracht-frankfurt,90,0,0,0,0.0,0.0,0,0,0,0,42,30,,0.0,0,0,,0,,1,0,1,0,2,2,0,6,3,4,,2,,3,1,0,0,0.0,0.0,0,0,0,0,0,0,0,0,,,0.0,,,0.0,0.0,0.0
50,25-26-friendly-aston-villa-vs-eintracht-frankfurt,45,0,0,0,0.0,0.01,0,0,0,1,17,11,,0.0,1,0,,0,,0,2,2,0,0,0,0,0,2,0,,0,,0,1,0,0,0.0,0.0,0,0,0,0,0,0,0,0,,,0.0,,,0.0,0.0,0.0
34,25-26-friendly-aston-villa-vs-eintracht-frankfurt,26,0,0,0,0.0,0.0,0,0,0,0,12,9,,0.0,0,0,,1,,0,0,1,0,0,0,0,0,0,0,,0,,0,0,0,1,0.09,0.91,0,9,1,0,0,0,0,0,,,0.0,,,0.0,0.0,0.0
39,25-26-friendly-aston-villa-vs-eintracht-frankfurt,27,0,0,0,0.0,0.0,0,0,0,0,12,5,,0.0,0,0,,0,,0,0,1,0,1,1,1,0,1,0,,0,,0,0,0,0,0.0,0.0,0,0,0,0,0,0,0,0,,,0.0,,,0.0,0.0,0.0
52,25-26-friendly-aston-villa-vs-eintracht-frankfurt,64,0,0,0,0.0,0.0,0,0,0,2,21,14,,0.0,2,0,,0,,0,0,0,0,0,0,1,1,2,1,,0,,1,0,0,0,0.0,0.0,0,0,0,0,0,0,0,0,,,0.0,,,0.0,0.0,0.0
33,25-26-friendly-aston-villa-vs-eintracht-frankfurt,64,0,0,0,0.0,0.0,0,0,0,0,30,25,,1.0,0,0,,3,,0,0,5,0,0,0,0,0,0,0,,0,,0,0,1,1,0.31,0.69,0,25,3,0,0,0,0,0,,,0.0,,,0.0,0.0,0.0
49,25-26-friendly-aston-villa-vs-eintracht-frankfurt,27,0,0,2,0.08,0.0,0,0,0,1,10,6,,0.0,0,0,,0,,0,0,3,0,0,0,0,1,3,1,,0,,0,1,0,0,0.0,0.0,0,0,0,0,0,0,0,0,,,0.0,,,0.0,0.0,0.0
40,25-26-friendly-aston-villa-vs-eintracht-frankfurt,45,0,0,0,0.0,0.05,0,0,0,1,37,28,,0.0,4,0,,3,,0,2,2,0,2,2,0,2,0,0,,2,,0,0,0,0,0.0,0.0,0,0,0,0,0,0,0,0,,,0.0,,,0.0,0.0,0.0
279,25-26-friendly-crystal-palace-vs-hamarkameratene,45,1,0,4,0.21,0.07,2,1,0,3,39,19,,0.0,2,1,,1,,2,0,2,0,0,0,0,4,3,3,,1,,0,0,0,0,0.0,0.0,0,0,0,0,0,0,0,0,,,0.0,,,0.0,0.0,0.0
260,25-26-friendly-crystal-palace-vs-hamarkameratene,45,0,0,1,0.1,0.05,0,1,0,2,61,46,,0.0,9,0,,2,,0,1,3,0,4,4,0,5,0,3,,2,,1,0,0,0,0.0,0.0,0,0,0,0,0,0,0,0,,,0.0,,,0.0,0.0,0.0
261,25-26-friendly-crystal-palace-vs-hamarkameratene,45,0,0,0,0.0,0.01,0,0,0,0,49,39,,1.0,7,0,,0,,1,3,2,0,1,0,0,3,0,2,,1,,0,0,0,0,0.0,0.0,0,0,0,0,0,0,0,0,,,0.0,,,0.0,0.0,0.0
504,25-26-friendly-crystal-palace-vs-hamarkameratene,45,0,0,0,0.0,0.01,0,0,0,0,17,6,,0.0,2,0,,4,,0,0,5,0,0,0,0,1,0,0,,1,,0,0,2,0,0.56,0.56,0,6,4,0,1,0,0,0,,,0.0,,,0.0,0.0,0.0
267,25-26-friendly-crystal-palace-vs-hamarkameratene,45,0,1,1,0.04,0.04,0,0,0,2,21,13,,1.0,1,0,,0,,0,0,1,0,0,0,2,2,3,1,,1,,1,0,0,0,0.0,0.0,0,0,0,0,0,0,0,0,,,0.0,,,0.0,0.0,0.0
266,25-26-friendly-crystal-palace-vs-hamarkameratene,45,0,0,0,0.0,0.38,0,0,0,1,36,26,,3.0,0,2,,0,,0,2,2,0,0,0,1,0,3,0,,0,,0,0,0,0,0.0,0.0,0,0,0,0,0,0,0,0,,,0.0,,,0.0,0.0,0.0
265,25-26-friendly-crystal-palace-vs-hamarkameratene,45,0,0,1,0.03,0.01,0,1,0,3,36,16,,1.0,1,0,,1,,2,0,1,1,3,3,0,5,2,4,,1,,0,1,0,0,0.0,0.0,0,0,0,0,0,0,0,0,,,0.0,,,0.0,0.0,0.0
272,25-26-friendly-crystal-palace-vs-hamarkameratene,45,0,0,0,0.0,0.01,0,1,0,0,42,35,,0.0,2,0,,0,,0,2,3,0,2,2,0,2,1,2,,0,,1,0,0,0,0.0,0.0,0,0,0,0,0,0,0,0,,,0.0,,,0.0,0.0,0.0
263,25-26-friendly-crystal-palace-vs-hamarkameratene,45,0,0,0,0.0,0.02,0,0,0,0,41,35,,1.0,10,0,,0,,0,0,3,1,2,0,0,0,0,0,,0,,0,0,0,0,0.0,0.0,0,0,0,0,0,0,0,0,,,0.0,,,0.0,0.0,0.0
284,25-26-friendly-crystal-palace-vs-hamarkameratene,45,0,0,3,0.22,0.0,0,1,0,5,25,7,,0.0,2,0,,0,,1,0,4,0,1,1,0,6,1,3,,3,,1,0,0,0,0.0,0.0,0,0,0,0,0,0,0,0,,,0.0,,,0.0,0.0,0.0
271,25-26-friendly-crystal-palace-vs-hamarkameratene,45,0,0,0,0.0,0.1,0,0,0,1,37,32,,2.0,3,1,,0,,0,0,7,0,0,0,0,0,0,0,,0,,0,0,0,0,0.0,0.0,0,0,0,0,0,0,0,0,,,0.0,,,0.0,0.0,0.0
256,25-26-friendly-crystal-palace-vs-hamarkameratene,45,0,0,0,0.0,0.02,0,0,0,1,41,23,,0.0,3,0,,0,,1,0,2,0,4,3,0,3,1,1,,2,,0,0,0,0,0.0,0.0,0,0,0,0,0,0,0,0,,,0.0,,,0.0,0.0,0.0
257,25-26-friendly-crystal-palace-vs-hamarkameratene,45,0,0,0,0.0,0.01,0,0,0,0,37,27,,0.0,3,0,,0,,0,0,2,0,5,5,0,2,1,1,,1,,0,0,0,0,0.0,0.0,0,0,0,0,0,0,0,0,,,0.0,,,0.0,0.0,0.0
270,25-26-friendly-crystal-palace-vs-hamarkameratene,45,0,0,0,0.0,0.07,0,0,0,0,35,24,,1.0,6,0,,2,,1,1,2,0,0,0,0,3,4,2,,1,,0,3,0,0,0.0,0.0,0,0,0,0,0,0,0,0,,,0.0,,,0.0,0.0,0.0
273,25-26-friendly-crystal-palace-vs-hamarkameratene,45,0,0,0,0.0,0.11,0,0,0,1,40,22,,1.0,4,2,,1,,0,0,1,0,1,1,1,2,1,2,,0,,0,0,0,0,0.0,0.0,0,0,0,0,0,0,0,0,,,0.0,,,0.0,0.0,0.0
269,25-26-friendly-crystal-palace-vs-hamarkameratene,45,0,0,3,0.08,0.04,2,1,1,3,35,20,,0.0,4,0,,0,,2,0,1,0,0,0,1,3,5,3,,0,,0,1,0,0,0.0,0.0,0,0,0,0,0,0,0,0,,,0.0,,,0.0,0.0,0.0
258,25-26-friendly-crystal-palace-vs-hamarkameratene,45,0,0,0,0.0,0.03,0,0,0,2,31,16,,0.0,1,0,,0,,1,0,3,0,1,1,0,3,2,1,,2,,0,2,0,0,0.0,0.0,0,0,0,0,0,0,0,0,,,0.0,,,0.0,0.0,0.0
276,25-26-friendly-crystal-palace-vs-hamarkameratene,45,0,0,0,0.0,0.02,0,1,0,1,45,28,,1.0,5,0,,0,,0,0,2,0,0,0,0,1,2,1,,0,,0,0,0,0,0.0,0.0,0,0,0,0,0,0,0,0,,,0.0,,,0.0,0.0,0.0
281,25-26-friendly-crystal-palace-vs-hamarkameratene,45,0,0,1,0.03,0.01,0,0,0,0,32,21,,0.0,8,0,,1,,1,0,2,0,1,0,0,2,4,2,,0,,1,3,0,0,0.0,0.0,0,0,0,0,0,0,0,0,,,0.0,,,0.0,0.0,0.0
253,25-26-friendly-crystal-palace-vs-hamarkameratene,45,0,0,0,0.0,0.0,0,0,0,0,16,13,,0.0,1,0,,0,,0,0,4,0,1,0,0,1,1,0,,1,,0,0,0,0,0.0,0.0,1,13,0,0,0,0,0,0,,,0.0,,,0.0,0.0,0.0
593,25-26-friendly-tottenham-hotspur-vs-arsenal,85,1,0,1,0.0,0.0,1,0,0,0,38,21,,0.0,3,0,,1,,5,0,3,1,4,1,1,9,3,7,,2,,2,1,0,0,0.0,0.0,0,0,0,0,0,0,0,0,,,0.0,,,0.0,0.0,0.0
568,25-26-friendly-tottenham-hotspur-vs-arsenal,90,0,0,0,0.0,0.0,0,2,0,1,58,27,,0.0,8,0,,4,,1,0,2,1,9,6,0,7,1,4,,3,,1,1,0,0,0.0,0.0,0,0,0,0,0,2,0,0,,,0.0,,,0.0,0.0,0.0
573,25-26-friendly-tottenham-hotspur-vs-arsenal,90,0,0,0,0.0,0.0,0,1,0,0,65,29,,0.0,4,0,,1,,1,1,4,1,3,0,1,7,6,5,,2,,0,1,0,0,0.0,0.0,0,0,0,0,0,0,0,0,,,0.0,,,0.0,0.0,0.0
586,25-26-friendly-tottenham-hotspur-vs-arsenal,77,0,0,0,0.0,0.0,0,0,0,0,34,24,,0.0,1,0,,2,,3,3,3,1,0,0,0,3,2,3,,0,,0,0,0,0,0.0,0.0,0,0,0,0,0,0,0,1,,,0.0,,,0.0,0.0,0.0
17,25-26-friendly-tottenham-hotspur-vs-arsenal,90,0,0,4,0.0,0.0,0,1,0,2,67,44,,3.0,11,4,,4,,0,0,11,0,0,0,0,1,3,1,,0,,0,1,0,0,0.0,0.0,0,0,0,0,0,5,0,0,,,0.0,,,0.0,0.0,0.0
585,25-26-friendly-tottenham-hotspur-vs-arsenal,85,0,0,0,0.0,0.0,0,0,0,0,53,39,,0.0,3,0,,0,,2,1,3,1,4,3,1,3,4,3,,0,,1,3,0,0,0.0,0.0,0,0,0,0,0,0,0,0,,,0.0,,,0.0,0.0,0.0
575,25-26-friendly-tottenham-hotspur-vs-arsenal,77,0,0,1,0.0,0.0,0,0,1,1,42,28,,0.0,6,0,,1,,1,1,0,1,4,2,0,5,2,3,,2,,2,1,0,0,0.0,0.0,0,0,0,0,0,0,0,0,,,0.0,,,0.0,0.0,0.0
569,25-26-friendly-tottenham-hotspur-vs-arsenal,63,0,0,0,0.0,0.0,0,1,0,0,43,31,,0.0,6,0,,1,,1,1,3,0,4,3,0,3,2,2,,1,,0,1,0,0,0.0,0.0,0,0,0,0,0,0,0,0,,,0.0,,,0.0,0.0,0.0
11,25-26-friendly-tottenham-hotspur-vs-arsenal,90,0,0,0,0.0,0.0,0,0,0,3,66,37,,1.0,9,2,,5,,3,0,4,1,2,1,1,5,4,5,,0,,1,1,0,0,0.0,0.0,0,0,0,0,0,0,0,0,,,0.0,,,0.0,0.0,0.0
565,25-26-friendly-tottenham-hotspur-vs-arsenal,90,0,0,0,0.0,0.0,0,0,0,0,42,18,,0.0,6,0,,6,,0,0,7,0,0,0,0,0,0,0,,0,,0,0,1,0,0.0,0.0,0,18,6,0,0,0,0,0,,,0.0,,,0.0,0.0,0.0
6,25-26-friendly-tottenham-hotspur-vs-arsenal,90,0,0,1,0.0,0.0,0,0,1,2,79,65,,0.0,16,0,,7,,0,1,5,2,3,1,0,3,1,1,,2,,0,1,0,0,0.0,0.0,0,0,0,0,0,0,0,1,,,0.0,,,0.0,0.0,0.0
582,25-26-friendly-tottenham-hotspur-vs-arsenal,63,0,0,2,0.0,0.0,0,2,0,1,43,19,,0.0,2,0,,1,,0,0,8,0,2,1,0,5,8,5,,0,,3,0,0,0,0.0,0.0,0,0,0,2,0,1,0,0,,,0.0,,,0.0,0.0,0.0
9,25-26-friendly-tottenham-hotspur-vs-arsenal,77,0,0,0,0.0,0.0,0,0,0,0,57,38,,0.0,3,0,,0,,0,2,1,1,3,1,0,7,3,5,,2,,0,0,0,0,0.0,0.0,0,0,0,0,0,0,0,0,,,0.0,,,0.0,0.0,0.0
570,25-26-friendly-tottenham-hotspur-vs-arsenal,28,0,0,0,0.0,0.0,0,0,0,0,10,6,,0.0,1,0,,0,,0,0,1,0,2,2,0,2,0,0,,2,,0,0,0,0,0.0,0.0,0,0,0,0,0,0,0,0,,,0.0,,,0.0,0.0,0.0
579,25-26-friendly-tottenham-hotspur-vs-arsenal,14,0,0,0,0.0,0.0,0,1,0,0,8,3,,0.0,1,0,,0,,0,0,1,0,0,0,0,2,0,1,,1,,0,0,0,0,0.0,0.0,0,0,0,0,0,0,0,0,,,0.0,,,0.0,0.0,0.0
30,25-26-friendly-tottenham-hotspur-vs-arsenal,77,0,0,2,0.0,0.0,1,0,0,4,26,9,,2.0,0,0,,0,,2,0,2,0,1,1,4,6,11,3,,3,,2,3,0,0,0.0,0.0,0,0,0,1,0,0,0,0,,,0.0,,,0.0,0.0,0.0
587,25-26-friendly-tottenham-hotspur-vs-arsenal,14,0,0,0,0.0,0.0,0,0,0,0,7,2,,0.0,0,0,,0,,0,1,0,0,2,0,0,1,0,0,,1,,0,0,0,0,0.0,0.0,0,0,0,0,0,0,0,0,,,0.0,,,0.0,0.0,0.0
20,25-26-friendly-tottenham-hotspur-vs-arsenal,17,0,0,0,0.0,0.0,0,1,0,0,12,6,,0.0,0,0,,1,,0,0,0,0,0,0,0,2,0,2,,0,,1,0,0,0,0.0,0.0,0,0,0,0,0,0,0,0,,,0.0,,,0.0,0.0,0.0
597,25-26-friendly-tottenham-hotspur-vs-arsenal,64,0,0,1,0.0,0.0,0,0,0,2,19,4,,1.0,1,0,,0,,1,0,1,0,2,0,1,2,6,1,,1,,0,0,0,0,0.0,0.0,0,0,0,3,0,0,0,0,,,0.0,,,0.0,0.0,0.0
588,25-26-friendly-tottenham-hotspur-vs-arsenal,77,0,0,1,0.0,0.0,0,1,0,4,32,15,,0.0,1,0,,1,,0,1,3,0,0,0,0,2,8,2,,0,,1,1,0,0,0.0,0.0,0,0,0,2,0,0,0,0,,,0.0,,,0.0,0.0,0.0
16,25-26-friendly-tottenham-hotspur-vs-arsenal,77,0,0,1,0.0,0.0,0,1,0,6,43,17,,0.0,1,1,,0,,2,0,3,0,0,0,1,7,8,7,,0,,3,2,0,0,0.0,0.0,0,0,0,2,0,6,0,1,,,0.0,,,0.0,0.0,0.0
12,25-26-friendly-tottenham-hotspur-vs-arsenal,14,0,0,0,0.0,0.0,0,0,0,2,20,9,,0.0,0,0,,1,,0,0,0,0,0,0,0,1,0,1,,0,,0,0,0,0,0.0,0.0,0,0,0,0,0,0,0,0,,,0.0,,,0.0,0.0,0.0
666,25-26-friendly-tottenham-hotspur-vs-arsenal,14,0,0,0,0.0,0.0,0,0,0,1,2,2,,1.0,0,0,,0,,0,0,0,0,0,0,0,0,0,0,,0,,0,0,0,0,0.0,0.0,0,0,0,0,0,0,0,0,,,0.0,,,0.0,0.0,0.0
580,25-26-friendly-tottenham-hotspur-vs-arsenal,28,0,0,0,0.0,0.0,0,0,0,0,4,0,,0.0,0,0,,0,,0,0,0,1,1,1,0,0,0,0,,0,,0,0,0,0,0.0,0.0,0,0,0,0,0,0,0,0,,,0.0,,,0.0,0.0,0.0
662,25-26-friendly-tottenham-hotspur-vs-arsenal,14,0,0,1,0.0,0.0,0,0,0,2,16,13,,0.0,4,0,,3,,0,0,2,0,0,0,0,0,3,0,,0,,0,0,0,0,0.0,0.0,0,0,0,0,0,0,0,0,,,0.0,,,0.0,0.0,0.0
571,25-26-friendly-tottenham-hotspur-vs-arsenal,14,0,0,0,0.0,0.0,0,0,0,0,5,4,,0.0,1,0,,0,,0,0,0,0,0,0,0,0,0,0,,0,,0,0,0,0,0.0,0.0,0,0,0,0,0,0,0,0,,,0.0,,,0.0,0.0,0.0
24,25-26-friendly-tottenham-hotspur-vs-arsenal,68,0,0,1,0.0,0.0,0,0,0,1,21,15,,0.0,2,0,,1,,1,0,0,0,0,0,0,4,3,3,,1,,1,0,0,0,0.0,0.0,0,0,0,1,0,0,0,0,,,0.0,,,0.0,0.0,0.0
22,25-26-friendly-tottenham-hotspur-vs-arsenal,14,0,0,0,0.0,0.0,0,0,0,1,4,3,,0.0,0,0,,0,,0,0,0,0,0,0,0,0,0,0,,0,,0,0,0,0,0.0,0.0,0,0,0,0,0,0,0,0,,,0.0,,,0.0,0.0,0.0
21,25-26-friendly-tottenham-hotspur-vs-arsenal,77,0,0,1,0.0,0.0,0,0,0,3,30,13,,1.0,2,1,,0,,0,0,1,0,1,1,0,2,4,2,,0,,0,0,0,0,0.0,0.0,0,0,0,1,0,2,0,0,,,0.0,,,0.0,0.0,0.0
584,25-26-friendly-tottenham-hotspur-vs-arsenal,27,0,0,0,0.0,0.0,0,0,0,1,9,2,,1.0,0,1,,0,,0,0,0,1,0,0,0,0,2,0,,0,,0,0,0,0,0.0,0.0,0,0,0,1,0,1,0,0,,,0.0,,,0.0,0.0,0.0
26,25-26-friendly-tottenham-hotspur-vs-arsenal,23,0,0,3,0.0,0.0,0,0,0,0,14,8,,0.0,0,0,,0,,0,0,0,0,0,0,0,0,1,0,,0,,0,0,0,0,0.0,0.0,0,0,0,0,0,0,0,0,,,0.0,,,0.0,0.0,0.0
1,25-26-friendly-tottenham-hotspur-vs-arsenal,90,0,0,0,0.0,0.0,0,0,0,0,35,17,,0.0,10,0,,2,,0,0,10,0,0,0,0,0,1,0,,0,,0,0,0,1,0.0,0.0,1,17,2,0,1,0,0,0,,,0.0,,,0.0,0.0,0.0
19,25-26-friendly-tottenham-hotspur-vs-arsenal,68,0,0,1,0.0,0.0,0,0,0,2,14,7,,0.0,0,0,,0,,0,0,2,0,0,0,0,0,4,0,,0,,0,1,0,0,0.0,0.0,0,0,0,0,0,0,0,1,,,0.0,,,0.0,0.0,0.0
10,25-26-friendly-tottenham-hotspur-vs-arsenal,77,0,0,0,0.0,0.0,0,1,0,0,56,38,,0.0,4,0,,1,,1,0,1,0,0,0,2,5,5,3,,2,,0,1,0,0,0.0,0.0,0,0,0,0,0,0,0,0,,,0.0,,,0.0,0.0,0.0
581,25-26-friendly-tottenham-hotspur-vs-arsenal,6,0,0,0,0.0,0.0,0,0,0,0,6,6,,0.0,1,0,,0,,0,0,0,0,0,0,0,0,1,0,,0,,0,1,0,0,0.0,0.0,0,0,0,0,0,0,0,0,,,0.0,,,0.0,0.0,0.0
27,25-26-friendly-tottenham-hotspur-vs-arsenal,6,0,0,0,0.0,0.0,0,0,0,2,8,6,,0.0,0,0,,0,,0,0,0,0,0,0,0,1,0,1,,0,,1,0,0,0,0.0,0.0,0,0,0,0,0,0,0,0,,,0.0,,,0.0,0.0,0.0
591,25-26-friendly-tottenham-hotspur-vs-arsenal,6,0,0,0,0.0,0.0,0,0,0,0,7,4,,0.0,1,0,,0,,0,0,0,0,1,0,0,2,0,0,,2,,0,0,0,0,0.0,0.0,0,0,0,0,0,0,0,0,,,0.0,,,0.0,0.0,0.0
486,25-26-friendly-newcastle-united-vs-arsenal,90,1,0,2,0.0,0.0,1,1,0,1,17,7,,0.0,0,0,,0,,0,0,1,0,1,0,0,3,1,3,,0,,2,0,0,0,0.0,0.0,0,0,0,1,0,0,0,0,,,0.0,,,0.0,0.0,0.0
17,25-26-friendly-newcastle-united-vs-arsenal,45,1,0,4,0.0,0.0,3,1,0,2,23,9,,0.0,4,0,,1,,0,0,1,0,0,0,0,1,1,1,,0,,0,0,0,0,0.0,0.0,0,0,0,1,0,1,0,0,,,0.0,,,0.0,0.0,0.0
22,25-26-friendly-newcastle-united-vs-arsenal,69,1,0,1,0.0,0.0,1,0,0,2,32,13,,1.0,2,1,,1,,2,0,0,0,1,1,1,3,5,3,,0,,0,1,0,0,0.0,0.0,0,0,0,1,0,0,0,0,,,0.0,,,0.0,0.0,0.0
30,25-26-friendly-newcastle-united-vs-arsenal,60,0,1,1,0.0,0.0,0,0,0,5,17,10,,2.0,0,0,,0,,0,0,4,0,0,0,0,0,3,0,,0,,0,2,0,0,0.0,0.0,0,0,0,0,0,0,0,2,,,0.0,,,0.0,0.0,0.0
482,25-26-friendly-newcastle-united-vs-arsenal,20,0,0,1,0.0,0.0,1,3,0,1,28,14,,1.0,1,0,,1,,2,0,2,0,2,0,0,7,0,7,,0,,0,0,0,0,0.0,0.0,0,0,0,0,0,0,0,0,,,0.0,,,0.0,0.0,0.0
16,25-26-friendly-newcastle-united-vs-arsenal,60,0,0,3,0.0,0.0,1,2,0,6,30,7,,1.0,2,2,,0,,1,1,5,0,0,0,0,3,5,3,,0,,0,0,0,0,0.0,0.0,0,0,0,0,0,3,0,0,,,0.0,,,0.0,0.0,0.0
26,25-26-friendly-newcastle-united-vs-arsenal,77,0,0,0,0.0,0.0,0,0,0,1,51,39,,0.0,6,0,,0,,2,1,3,0,0,0,0,4,2,4,,0,,1,2,0,0,0.0,0.0,0,0,0,0,0,0,0,0,,,0.0,,,0.0,0.0,0.0
497,25-26-friendly-newcastle-united-vs-arsenal,45,0,1,1,0.0,0.0,0,1,0,0,35,27,,1.0,5,0,,0,,1,0,1,1,0,0,3,2,5,2,,0,,0,0,0,0,0.0,0.0,0,0,0,0,0,0,0,0,,,0.0,,,0.0,0.0,0.0
20,25-26-friendly-newcastle-united-vs-arsenal,76,0,0,2,0.0,0.0,0,2,0,5,46,24,,1.0,1,0,,2,,1,0,4,1,0,0,0,5,7,4,,1,,1,0,0,0,0.0,0.0,0,0,0,2,0,1,0,0,,,0.0,,,0.0,0.0,0.0
491,25-26-friendly-newcastle-united-vs-arsenal,90,0,1,1,0.0,0.0,0,0,0,0,19,8,,2.0,1,1,,1,,0,0,0,0,1,0,0,1,2,1,,0,,0,1,0,0,0.0,0.0,0,0,0,0,0,0,0,0,,,0.0,,,0.0,0.0,0.0
7,25-26-friendly-newcastle-united-vs-arsenal,49,0,0,0,0.0,0.0,0,0,0,1,44,32,,1.0,7,0,,4,,0,2,2,0,5,3,0,0,0,0,,0,,0,0,0,0,0.0,0.0,0,0,0,0,0,0,0,0,,,0.0,,,0.0,0.0,0.0
469,25-26-friendly-newcastle-united-vs-arsenal,73,0,0,0,0.0,0.0,0,0,0,0,36,23,,0.0,0,0,,3,,0,0,8,0,1,0,0,0,0,0,,0,,0,0,4,2,0.0,0.0,0,23,3,0,0,0,2,0,,,0.0,,,0.0,0.0,0.0
489,25-26-friendly-newcastle-united-vs-arsenal,45,1,0,2,0.0,0.0,1,0,0,2,30,12,,1.0,1,2,,0,,0,0,0,0,0,0,1,0,4,0,,0,,0,1,0,0,0.0,0.0,0,0,0,2,0,1,0,1,,,0.0,,,0.0,0.0,0.0
11,25-26-friendly-newcastle-united-vs-arsenal,77,0,0,1,0.0,0.0,0,0,0,3,39,27,,1.0,4,0,,0,,1,0,2,1,2,1,0,4,2,1,,3,,0,2,0,0,0.0,0.0,0,0,0,0,0,0,0,0,,,0.0,,,0.0,0.0,0.0
488,25-26-friendly-newcastle-united-vs-arsenal,90,0,0,1,0.0,0.0,1,0,0,0,29,16,,0.0,1,0,,1,,0,0,2,0,3,1,0,4,2,4,,0,,1,0,0,0,0.0,0.0,0,0,0,0,0,0,0,0,,,0.0,,,0.0,0.0,0.0
474,25-26-friendly-newcastle-united-vs-arsenal,45,0,0,1,0.0,0.0,1,0,0,0,34,28,,0.0,4,0,,4,,0,1,4,0,2,1,0,1,1,0,,1,,0,2,0,0,0.0,0.0,0,0,0,0,0,0,0,0,,,0.0,,,0.0,0.0,0.0
1,25-26-friendly-newcastle-united-vs-arsenal,60,0,0,0,0.0,0.0,0,0,0,0,26,13,,1.0,6,0,,3,,0,0,7,0,1,0,0,1,0,1,,0,,1,0,2,2,0.0,0.0,1,13,3,0,1,0,1,0,,,0.0,,,0.0,0.0,0.0
477,25-26-friendly-newcastle-united-vs-arsenal,45,0,0,0,0.0,0.0,0,1,0,0,28,17,,0.0,1,0,,1,,0,1,3,0,0,0,0,1,0,1,,0,,0,0,0,0,0.0,0.0,0,0,0,0,0,0,0,0,,,0.0,,,0.0,0.0,0.0
25,25-26-friendly-newcastle-united-vs-arsenal,90,0,0,0,0.0,0.0,0,0,0,0,12,10,,0.0,1,0,,1,,0,0,1,0,0,0,0,0,0,0,,0,,0,0,0,0,0.0,0.0,0,0,0,0,0,0,0,0,,,0.0,,,0.0,0.0,0.0
494,25-26-friendly-newcastle-united-vs-arsenal,90,0,0,1,0.0,0.0,1,0,1,2,14,8,,1.0,0,0,,1,,0,1,2,0,0,0,0,1,2,1,,0,,0,1,0,0,0.0,0.0,0,0,0,0,0,0,0,0,,,0.0,,,0.0,0.0,0.0
9,25-26-friendly-newcastle-united-vs-arsenal,41,0,0,0,0.0,0.0,0,0,0,0,23,18,,1.0,0,0,,0,,1,0,0,0,2,1,0,1,2,1,,0,,0,1,0,0,0.0,0.0,0,0,0,0,0,0,0,0,,,0.0,,,0.0,0.0,0.0
500,25-26-friendly-newcastle-united-vs-arsenal,74,0,0,1,0.0,0.0,0,0,0,1,17,10,,1.0,0,0,,0,,0,1,1,0,0,0,0,0,0,0,,0,,0,0,0,0,0.0,0.0,0,0,0,0,0,0,0,0,,,0.0,,,0.0,0.0,0.0
479,25-26-friendly-newcastle-united-vs-arsenal,45,0,0,0,0.0,0.0,0,0,0,0,28,19,,0.0,1,0,,1,,1,0,0,0,1,1,2,5,2,2,,3,,1,0,0,0,0.0,0.0,0,0,0,0,0,0,0,0,,,0.0,,,0.0,0.0,0.0
6,25-26-friendly-newcastle-united-vs-arsenal,77,0,0,0,0.0,0.0,0,0,0,0,47,41,,0.0,5,0,,4,,0,1,1,0,0,0,0,1,0,1,,0,,1,0,0,0,0.0,0.0,0,0,0,0,0,0,0,0,,,0.0,,,0.0,0.0,0.0
2,25-26-friendly-newcastle-united-vs-arsenal,30,0,0,0,0.0,0.0,0,0,0,0,19,6,,0.0,4,0,,1,,0,0,3,0,0,0,0,0,0,0,,0,,0,0,2,0,0.0,0.0,0,6,1,0,0,0,1,0,,,0.0,,,0.0,0.0,0.0
10,25-26-friendly-newcastle-united-vs-arsenal,77,0,0,0,0.0,0.0,0,0,0,0,37,22,,0.0,5,0,,0,,0,1,4,0,1,1,0,0,1,0,,0,,0,1,0,0,0.0,0.0,0,0,0,0,0,0,0,0,,,0.0,,,0.0,0.0,0.0
478,25-26-friendly-newcastle-united-vs-arsenal,90,0,0,0,0.0,0.0,0,0,0,1,33,15,,0.0,5,0,,2,,2,1,4,0,0,0,1,3,2,3,,0,,0,1,0,0,0.0,0.0,0,0,0,0,0,0,0,0,,,0.0,,,0.0,0.0,0.0
21,25-26-friendly-newcastle-united-vs-arsenal,21,0,0,1,0.0,0.0,0,1,0,1,10,3,,0.0,1,0,,0,,0,0,1,0,0,0,1,2,2,1,,1,,0,0,0,0,0.0,0.0,0,0,0,1,0,1,0,0,,,0.0,,,0.0,0.0,0.0
487,25-26-friendly-newcastle-united-vs-arsenal,45,0,0,1,0.0,0.0,0,0,0,1,23,16,,0.0,4,0,,1,,0,0,1,1,0,0,0,1,1,1,,0,,1,0,0,0,0.0,0.0,0,0,0,0,0,0,0,0,,,0.0,,,0.0,0.0,0.0
475,25-26-friendly-newcastle-united-vs-arsenal,26,0,0,0,0.0,0.0,0,0,0,0,14,10,,0.0,0,0,,1,,0,0,0,1,1,0,0,1,0,1,,0,,0,0,0,0,0.0,0.0,0,0,0,0,0,0,0,0,,,0.0,,,0.0,0.0,0.0
12,25-26-friendly-newcastle-united-vs-arsenal,13,0,0,0,0.0,0.0,0,0,0,1,9,1,,0.0,1,0,,0,,0,1,0,0,0,0,0,0,0,0,,0,,0,0,0,0,0.0,0.0,0,0,0,0,0,0,0,0,,,0.0,,,0.0,0.0,0.0
19,25-26-friendly-newcastle-united-vs-arsenal,30,0,0,0,0.0,0.0,0,3,0,3,12,2,,0.0,0,0,,0,,0,0,2,0,0,0,2,3,9,3,,0,,0,0,0,0,0.0,0.0,0,0,0,1,0,0,0,1,,,0.0,,,0.0,0.0,0.0
24,25-26-friendly-newcastle-united-vs-arsenal,13,0,0,0,0.0,0.0,0,0,0,0,6,4,,0.0,1,0,,1,,0,0,0,0,1,1,1,0,1,0,,0,,0,0,0,0,0.0,0.0,0,0,0,0,0,0,0,0,,,0.0,,,0.0,0.0,0.0
15,25-26-friendly-newcastle-united-vs-arsenal,13,0,0,0,0.0,0.0,0,0,0,0,2,2,,0.0,0,0,,0,,0,0,0,0,0,0,0,0,0,0,,0,,0,0,0,0,0.0,0.0,0,0,0,0,0,0,0,0,,,0.0,,,0.0,0.0,0.0
484,25-26-friendly-newcastle-united-vs-arsenal,45,0,0,0,0.0,0.0,0,0,0,0,28,20,,0.0,1,0,,0,,0,1,0,0,1,1,2,2,3,1,,1,,0,0,0,0,0.0,0.0,0,0,0,1,0,0,0,0,,,0.0,,,0.0,0.0,0.0
485,25-26-friendly-newcastle-united-vs-arsenal,90,0,0,1,0.0,0.0,0,0,0,0,13,3,,0.0,0,0,,0,,0,0,2,0,1,0,1,2,4,2,,0,,2,0,0,0,0.0,0.0,0,0,0,2,0,0,0,0,,,0.0,,,0.0,0.0,0.0
480,25-26-friendly-newcastle-united-vs-arsenal,90,0,0,0,0.0,0.0,0,0,0,0,20,11,,0.0,0,0,,0,,0,0,0,0,3,2,0,3,1,0,,3,,0,1,0,0,0.0,0.0,0,0,0,0,0,1,0,0,,,0.0,,,0.0,0.0,0.0
476,25-26-friendly-newcastle-united-vs-arsenal,90,0,0,0,0.0,0.0,0,0,0,0,25,21,,0.0,0,0,,2,,0,0,2,1,0,0,0,0,0,0,,0,,0,0,0,0,0.0,0.0,0,0,0,0,0,0,0,0,,,0.0,,,0.0,0.0,0.0
501,25-26-friendly-newcastle-united-vs-arsenal,16,0,0,0,0.0,0.0,0,0,0,0,3,2,,0.0,0,0,,0,,0,0,0,0,0,0,0,0,1,0,,0,,0,0,0,0,0.0,0.0,0,0,0,1,0,0,0,0,,,0.0,,,0.0,0.0,0.0
490,25-26-friendly-newcastle-united-vs-arsenal,45,0,0,0,0.0,0.0,0,0,0,0,25,15,,0.0,0,0,,1,,0,0,2,0,2,2,0,2,3,2,,0,,2,2,0,0,0.0,0.0,0,0,0,1,0,0,0,0,,,0.0,,,0.0,0.0,0.0
481,25-26-friendly-newcastle-united-vs-arsenal,90,0,0,0,0.0,0.0,0,0,0,0,26,13,,0.0,0,0,,0,,1,0,1,1,1,1,1,3,1,1,,2,,0,0,0,0,0.0,0.0,0,0,0,0,0,0,0,0,,,0.0,,,0.0,0.0,0.0
375,25-26-friendly-liverpool-vs-preston-north-end,45,1,0,1,0.0,0.0,1,0,0,2,43,24,,0.0,3,0,,0,,1,0,2,0,1,1,0,2,2,2,,0,,1,0,0,0,0.0,0.0,0,0,0,0,0,0,0,0,,,0.0,,,0.0,0.0,0.0
397,25-26-friendly-liverpool-vs-preston-north-end,46,1,0,2,0.0,0.0,1,0,0,1,11,5,,0.0,0,0,,0,,0,0,2,0,0,0,0,0,1,0,,0,,0,0,0,0,0.0,0.0,0,0,0,1,0,0,0,0,,,0.0,,,0.0,0.0,0.0
391,25-26-friendly-liverpool-vs-preston-north-end,46,0,1,0,0.0,0.0,0,1,0,2,18,8,,2.0,0,0,,0,,1,0,3,0,0,0,1,2,4,2,,0,,0,1,0,0,0.0,0.0,0,0,0,2,0,0,0,0,,,0.0,,,0.0,0.0,0.0
384,25-26-friendly-liverpool-vs-preston-north-end,46,1,0,3,0.0,0.0,2,0,0,5,33,17,,0.0,2,0,,0,,0,0,0,0,0,0,0,2,4,2,,0,,1,1,0,0,0.0,0.0,0,0,0,1,0,0,0,1,,,0.0,,,0.0,0.0,0.0
387,25-26-friendly-liverpool-vs-preston-north-end,45,0,1,2,0.0,0.0,1,0,1,5,31,23,,1.0,2,0,,3,,0,0,0,0,0,0,0,0,2,0,,0,,0,1,0,0,0.0,0.0,0,0,0,0,0,0,0,0,,,0.0,,,0.0,0.0,0.0
390,25-26-friendly-liverpool-vs-preston-north-end,45,0,0,0,0.0,0.0,0,1,0,0,36,28,,1.0,10,0,,1,,0,1,1,0,0,0,0,2,0,2,,0,,1,0,0,0,0.0,0.0,0,0,0,0,0,0,0,0,,,0.0,,,0.0,0.0,0.0
396,25-26-friendly-liverpool-vs-preston-north-end,45,0,0,1,0.0,0.0,0,0,0,0,34,29,,1.0,3,0,,0,,1,1,2,0,0,0,0,2,3,2,,0,,0,1,0,0,0.0,0.0,0,0,0,0,0,0,0,0,,,0.0,,,0.0,0.0,0.0
371,25-26-friendly-liverpool-vs-preston-north-end,46,0,0,0,0.0,0.0,0,0,0,0,53,44,,0.0,6,0,,1,,1,1,2,0,1,1,0,2,1,2,,0,,1,0,0,0,0.0,0.0,0,0,0,1,0,0,0,0,,,0.0,,,0.0,0.0,0.0
377,25-26-friendly-liverpool-vs-preston-north-end,45,0,0,0,0.0,0.0,0,0,0,1,56,26,,0.0,9,2,,3,,1,0,3,0,2,1,0,1,1,1,,0,,0,1,0,0,0.0,0.0,0,0,0,0,0,3,0,0,,,0.0,,,0.0,0.0,0.0
370,25-26-friendly-liverpool-vs-preston-north-end,46,0,0,1,0.0,0.0,0,1,0,1,32,14,,0.0,3,0,,2,,1,1,1,0,0,0,0,3,1,2,,1,,0,0,0,0,0.0,0.0,0,0,0,0,0,0,0,0,,,0.0,,,0.0,0.0,0.0
372,25-26-friendly-liverpool-vs-preston-north-end,46,0,0,0,0.0,0.0,0,0,0,0,62,50,,0.0,9,0,,4,,2,0,2,0,1,0,0,2,1,2,,0,,0,0,0,0,0.0,0.0,0,0,0,1,0,0,0,0,,,0.0,,,0.0,0.0,0.0
378,25-26-friendly-liverpool-vs-preston-north-end,46,0,0,0,0.0,0.0,0,0,0,0,26,21,,0.0,2,0,,1,,1,0,2,0,2,0,1,2,1,2,,0,,0,0,0,0,0.0,0.0,0,0,0,0,0,0,0,0,,,0.0,,,0.0,0.0,0.0
369,25-26-friendly-liverpool-vs-preston-north-end,46,0,0,0,0.0,0.0,0,0,0,0,39,27,,0.0,1,0,,9,,0,0,8,0,0,0,0,0,0,0,,0,,0,0,1,1,0.0,0.0,1,27,9,0,1,0,1,0,,,0.0,,,0.0,0.0,0.0
392,25-26-friendly-liverpool-vs-preston-north-end,46,0,0,1,0.0,0.0,0,0,0,2,32,26,,0.0,3,0,,1,,1,0,3,0,0,0,1,2,2,1,,1,,0,0,0,0,0.0,0.0,0,0,0,0,0,0,0,0,,,0.0,,,0.0,0.0,0.0
385,25-26-friendly-liverpool-vs-preston-north-end,45,0,0,1,0.0,0.0,0,1,0,6,14,3,,1.0,0,0,,0,,1,0,1,0,0,0,1,2,3,2,,0,,0,0,0,0,0.0,0.0,0,0,0,1,0,0,0,0,,,0.0,,,0.0,0.0,0.0
376,25-26-friendly-liverpool-vs-preston-north-end,45,0,0,0,0.0,0.0,0,0,0,0,36,31,,0.0,4,0,,1,,0,0,4,0,0,0,0,0,1,0,,0,,0,1,0,0,0.0,0.0,0,0,0,0,0,0,0,0,,,0.0,,,0.0,0.0,0.0
388,25-26-friendly-liverpool-vs-preston-north-end,46,0,0,1,0.0,0.0,1,1,0,0,57,45,,0.0,7,0,,1,,0,0,4,0,1,1,1,2,6,2,,0,,0,0,0,0,0.0,0.0,0,0,0,3,0,0,0,0,,,0.0,,,0.0,0.0,0.0
381,25-26-friendly-liverpool-vs-preston-north-end,45,0,0,0,0.0,0.0,0,0,0,2,36,23,,0.0,4,0,,0,,0,0,1,0,0,0,0,0,3,0,,0,,0,0,0,0,0.0,0.0,0,0,0,1,0,0,0,0,,,0.0,,,0.0,0.0,0.0
367,25-26-friendly-liverpool-vs-preston-north-end,45,0,0,0,0.0,0.0,0,0,0,0,21,14,,0.0,0,0,,1,,0,0,4,0,1,0,0,0,0,0,,0,,0,0,0,0,0.0,0.0,0,14,1,0,0,0,0,0,,,0.0,,,0.0,0.0,0.0
578,25-26-friendly-tottenham-hotspur-vs-reading,47,1,1,2,0.0,0.0,1,0,0,3,27,17,,1.0,0,0,,0,,0,1,1,1,1,0,0,2,2,1,,1,,1,1,0,0,0.0,0.0,0,0,0,0,0,0,0,0,,,0.0,,,0.0,0.0,0.0
568,25-26-friendly-tottenham-hotspur-vs-reading,45,0,0,0,0.0,0.0,0,1,0,0,59,27,,2.0,5,3,,1,,1,0,3,1,1,0,0,8,2,7,,1,,4,1,0,0,0.0,0.0,0,0,0,0,0,5,0,0,,,0.0,,,0.0,0.0,0.0
574,25-26-friendly-tottenham-hotspur-vs-reading,45,0,0,0,0.0,0.0,0,1,0,1,48,31,,2.0,1,1,,3,,2,0,4,0,0,0,0,5,1,5,,0,,2,0,0,0,0.0,0.0,0,0,0,0,0,0,0,0,,,0.0,,,0.0,0.0,0.0
598,25-26-friendly-tottenham-hotspur-vs-reading,47,1,0,1,0.0,0.0,1,0,0,1,9,4,,0.0,0,0,,0,,0,0,0,0,2,1,0,2,1,1,,1,,1,0,0,0,0.0,0.0,0,0,0,0,0,0,0,0,,,0.0,,,0.0,0.0,0.0
582,25-26-friendly-tottenham-hotspur-vs-reading,47,0,1,0,0.0,0.0,0,1,0,2,25,11,,3.0,1,1,,2,,0,0,2,0,0,0,1,2,3,2,,0,,1,0,0,0,0.0,0.0,0,0,0,2,0,7,0,0,,,0.0,,,0.0,0.0,0.0
570,25-26-friendly-tottenham-hotspur-vs-reading,45,0,0,0,0.0,0.0,0,1,0,0,58,45,,0.0,4,0,,1,,1,0,2,0,3,2,0,4,2,3,,1,,1,0,0,0,0.0,0.0,0,0,0,1,0,0,0,0,,,0.0,,,0.0,0.0,0.0
565,25-26-friendly-tottenham-hotspur-vs-reading,47,0,0,0,0.0,0.0,0,0,0,0,34,19,,0.0,2,0,,4,,0,0,4,0,1,0,0,2,0,2,,0,,2,0,2,0,0.0,0.0,0,19,4,0,1,0,0,0,,,0.0,,,0.0,0.0,0.0
569,25-26-friendly-tottenham-hotspur-vs-reading,45,0,0,1,0.0,0.0,0,0,0,1,55,49,,0.0,4,0,,3,,1,0,1,0,0,0,0,2,0,2,,0,,1,0,0,0,0.0,0.0,0,0,0,0,0,0,0,0,,,0.0,,,0.0,0.0,0.0
593,25-26-friendly-tottenham-hotspur-vs-reading,45,0,0,1,0.0,0.0,1,0,0,1,31,23,,0.0,3,0,,1,,0,1,2,0,0,0,0,1,1,1,,0,,0,1,0,0,0.0,0.0,0,0,0,0,0,0,0,0,,,0.0,,,0.0,0.0,0.0
585,25-26-friendly-tottenham-hotspur-vs-reading,45,0,0,1,0.0,0.0,0,0,0,1,52,42,,0.0,5,0,,3,,0,1,3,0,0,0,0,2,2,1,,1,,0,0,0,0,0.0,0.0,0,0,0,0,0,0,0,0,,,0.0,,,0.0,0.0,0.0
592,25-26-friendly-tottenham-hotspur-vs-reading,45,0,0,1,0.0,0.0,0,1,0,2,22,10,,0.0,3,0,,0,,0,0,2,0,0,0,0,3,2,3,,0,,2,0,0,0,0.0,0.0,0,0,0,2,0,0,0,0,,,0.0,,,0.0,0.0,0.0
571,25-26-friendly-tottenham-hotspur-vs-reading,47,0,0,0,0.0,0.0,0,0,0,0,46,32,,0.0,2,0,,2,,0,1,1,2,4,4,2,2,3,1,,1,,1,0,0,0,0.0,0.0,0,0,0,0,0,0,0,0,,,0.0,,,0.0,0.0,0.0
587,25-26-friendly-tottenham-hotspur-vs-reading,47,0,0,0,0.0,0.0,0,0,0,0,22,15,,0.0,1,0,,0,,0,0,2,1,1,1,0,2,3,1,,1,,0,2,0,0,0.0,0.0,0,0,0,0,0,0,0,0,,,0.0,,,0.0,0.0,0.0
573,25-26-friendly-tottenham-hotspur-vs-reading,47,0,0,1,0.0,0.0,1,0,1,1,29,10,,0.0,3,0,,2,,0,0,2,0,3,1,0,3,5,2,,1,,1,3,0,0,0.0,0.0,0,0,0,1,0,0,0,0,,,0.0,,,0.0,0.0,0.0
579,25-26-friendly-tottenham-hotspur-vs-reading,47,0,0,1,0.0,0.0,0,0,0,4,25,9,,0.0,1,0,,0,,1,0,1,0,0,0,0,2,3,2,,0,,0,0,0,0,0.0,0.0,0,0,0,0,0,0,0,0,,,0.0,,,0.0,0.0,0.0
580,25-26-friendly-tottenham-hotspur-vs-reading,45,0,0,0,0.0,0.0,0,0,0,1,15,8,,0.0,0,0,,1,,0,0,1,0,0,0,0,1,1,1,,0,,1,1,0,0,0.0,0.0,0,0,0,1,0,0,0,0,,,0.0,,,0.0,0.0,0.0
575,25-26-friendly-tottenham-hotspur-vs-reading,47,0,0,0,0.0,0.0,0,0,0,0,37,31,,0.0,0,0,,2,,0,0,0,0,2,1,0,1,3,0,,1,,0,2,0,0,0.0,0.0,0,0,0,0,0,0,0,0,,,0.0,,,0.0,0.0,0.0
586,25-26-friendly-tottenham-hotspur-vs-reading,47,0,0,0,0.0,0.0,0,0,0,1,13,7,,0.0,0,0,,0,,0,0,1,0,1,0,0,0,3,0,,0,,0,2,0,0,0.0,0.0,0,0,0,1,0,0,0,0,,,0.0,,,0.0,0.0,0.0
596,25-26-friendly-tottenham-hotspur-vs-reading,45,0,0,2,0.0,0.0,0,1,1,5,14,5,,0.0,1,0,,0,,0,0,2,0,0,0,0,2,9,1,,1,,0,5,0,0,0.0,0.0,0,0,0,1,0,0,0,0,,,0.0,,,0.0,0.0,0.0
567,25-26-friendly-tottenham-hotspur-vs-reading,45,0,0,0,0.0,0.0,0,0,0,0,19,15,,0.0,1,0,,5,,0,0,3,0,0,0,0,0,0,0,,0,,0,0,0,0,0.0,0.0,0,15,5,0,0,0,0,0,,,0.0,,,0.0,0.0,0.0
593,25-26-friendly-wycombe-wanderers-vs-tottenham-hotspur,77,2,0,2,0.0,0.0,2,1,0,4,33,25,,0.0,2,0,,1,,0,0,3,0,0,0,0,1,6,1,,0,,0,3,0,0,0.0,0.0,0,0,0,0,0,0,0,0,,,0.0,,,0.0,0.0,0.0
597,25-26-friendly-wycombe-wanderers-vs-tottenham-hotspur,63,0,0,3,0.0,0.0,0,2,0,4,24,11,,0.0,4,0,,2,,0,1,2,0,1,1,0,3,0,2,,1,,0,0,0,0,0.0,0.0,0,0,0,0,0,0,0,0,,,0.0,,,0.0,0.0,0.0
588,25-26-friendly-wycombe-wanderers-vs-tottenham-hotspur,63,0,0,2,0.0,0.0,2,0,0,7,37,23,,4.0,1,0,,1,,0,0,0,0,0,0,0,1,2,1,,0,,1,0,0,0,0.0,0.0,0,0,0,0,0,0,0,0,,,0.0,,,0.0,0.0,0.0
569,25-26-friendly-wycombe-wanderers-vs-tottenham-hotspur,77,0,0,0,0.0,0.0,0,0,0,0,84,75,,0.0,11,0,,4,,1,2,6,0,1,0,1,4,1,3,,1,,1,0,0,0,0.0,0.0,0,0,0,0,0,0,0,0,,,0.0,,,0.0,0.0,0.0
568,25-26-friendly-wycombe-wanderers-vs-tottenham-hotspur,77,0,0,3,0.0,0.0,1,0,0,2,84,56,,4.0,10,2,,6,,0,0,3,0,0,0,1,4,4,3,,1,,2,1,0,0,0.0,0.0,0,0,0,1,0,5,0,0,,,0.0,,,0.0,0.0,0.0
579,25-26-friendly-wycombe-wanderers-vs-tottenham-hotspur,77,0,0,3,0.0,0.0,1,1,0,7,39,26,,1.0,2,0,,1,,0,0,2,0,0,0,0,3,4,3,,0,,2,1,0,0,0.0,0.0,0,0,0,1,0,0,0,0,,,0.0,,,0.0,0.0,0.0
571,25-26-friendly-wycombe-wanderers-vs-tottenham-hotspur,77,0,0,0,0.0,0.0,0,1,0,0,53,42,,1.0,8,0,,3,,1,1,1,0,0,0,0,2,0,2,,0,,0,0,0,0,0.0,0.0,0,0,0,0,0,0,0,0,,,0.0,,,0.0,0.0,0.0
586,25-26-friendly-wycombe-wanderers-vs-tottenham-hotspur,77,0,0,0,0.0,0.0,0,0,0,0,72,61,,1.0,15,0,,3,,0,2,2,0,0,0,0,1,3,1,,0,,0,2,0,0,0.0,0.0,0,0,0,1,0,0,0,0,,,0.0,,,0.0,0.0,0.0
595,25-26-friendly-wycombe-wanderers-vs-tottenham-hotspur,13,0,0,0,0.0,0.0,0,0,0,0,19,17,,1.0,2,0,,1,,0,0,0,0,0,0,0,0,0,0,,0,,0,0,0,0,0.0,0.0,0,0,0,0,0,0,0,0,,,0.0,,,0.0,0.0,0.0
578,25-26-friendly-wycombe-wanderers-vs-tottenham-hotspur,77,0,0,1,0.0,0.0,0,0,0,1,88,81,,0.0,8,0,,1,,0,0,3,1,2,2,0,1,2,0,,1,,0,1,0,0,0.0,0.0,0,0,0,0,0,0,0,0,,,0.0,,,0.0,0.0,0.0
566,25-26-friendly-wycombe-wanderers-vs-tottenham-hotspur,90,0,0,0,0.0,0.0,0,0,0,0,28,20,,0.0,1,0,,3,,0,0,7,0,1,0,0,0,0,0,,0,,0,0,0,2,0.0,0.0,1,20,3,0,0,0,0,0,,,0.0,,,0.0,0.0,0.0
342,25-26-friendly-leeds-united-vs-manchester-united,77,0,0,1,0.0,0.0,1,3,1,2,75,42,,0.0,5,0,,1,,1,2,7,0,1,0,0,6,4,5,,1,,1,1,0,0,0.0,0.0,0,0,0,1,0,0,0,0,,,0.0,,,0.0,0.0,0.0
356,25-26-friendly-leeds-united-vs-manchester-united,86,0,0,0,0.0,0.0,0,1,0,1,63,52,,0.0,4,0,,1,,1,1,2,0,1,0,0,6,1,5,,1,,0,0,0,0,0.0,0.0,0,0,0,0,0,0,0,0,,,0.0,,,0.0,0.0,0.0
449,25-26-friendly-leeds-united-vs-manchester-united,45,0,0,0,0.0,0.0,0,1,0,0,40,29,,3.0,6,0,,1,,0,0,3,0,1,1,0,4,2,2,,2,,1,0,0,0,0.0,0.0,0,0,0,0,0,0,0,0,,,0.0,,,0.0,0.0,0.0
358,25-26-friendly-leeds-united-vs-manchester-united,77,0,0,1,0.0,0.0,0,1,1,1,66,47,,0.0,3,0,,2,,3,0,5,0,0,0,2,8,6,8,,0,,3,2,0,0,0.0,0.0,0,0,0,1,0,0,0,0,,,0.0,,,0.0,0.0,0.0
339,25-26-friendly-leeds-united-vs-manchester-united,45,0,0,0,0.0,0.0,0,0,0,0,28,15,,0.0,3,0,,4,,0,0,4,0,0,0,0,0,0,0,,0,,0,0,3,0,0.0,0.0,1,15,4,0,0,0,2,0,,,0.0,,,0.0,0.0,0.0
434,25-26-friendly-leeds-united-vs-manchester-united,45,0,0,0,0.0,0.0,0,0,0,0,20,12,,0.0,0,0,,4,,0,0,3,0,0,0,0,0,0,0,,0,,0,0,3,0,0.0,0.0,0,12,4,0,0,0,3,0,,,0.0,,,0.0,0.0,0.0
440,25-26-friendly-leeds-united-vs-manchester-united,45,0,0,1,0.0,0.0,0,2,0,4,37,18,,3.0,2,1,,1,,1,0,0,0,0,0,0,3,3,3,,0,,0,2,0,0,0.0,0.0,0,0,0,0,0,0,0,0,,,0.0,,,0.0,0.0,0.0
438,25-26-friendly-leeds-united-vs-manchester-united,45,0,0,0,0.0,0.0,0,0,0,0,48,37,,0.0,4,0,,0,,1,0,4,0,2,2,0,3,1,1,,2,,0,1,0,0,0.0,0.0,0,0,0,0,0,0,0,0,,,0.0,,,0.0,0.0,0.0
345,25-26-friendly-leeds-united-vs-manchester-united,45,0,0,0,0.0,0.0,0,0,0,0,41,30,,0.0,0,0,,2,,0,1,2,1,7,3,0,1,0,0,,1,,0,0,0,0,0.0,0.0,0,0,0,0,0,0,0,0,,,0.0,,,0.0,0.0,0.0
459,25-26-friendly-leeds-united-vs-manchester-united,45,0,0,1,0.0,0.0,1,0,0,0,38,28,,1.0,3,0,,3,,0,0,1,0,0,0,1,5,1,4,,1,,2,0,0,0,0.0,0.0,0,0,0,0,0,0,0,0,,,0.0,,,0.0,0.0,0.0
348,25-26-friendly-leeds-united-vs-manchester-united,45,0,0,0,0.0,0.0,0,0,0,0,54,44,,0.0,4,0,,0,,0,1,1,1,3,2,0,5,2,1,,4,,0,1,0,0,0.0,0.0,0,0,0,0,0,0,0,1,,,0.0,,,0.0,0.0,0.0
441,25-26-friendly-leeds-united-vs-manchester-united,45,0,0,3,0.0,0.0,1,0,0,3,38,21,,0.0,0,1,,0,,1,0,3,0,0,0,0,3,1,2,,1,,0,1,0,0,0.0,0.0,0,0,0,0,0,0,0,0,,,0.0,,,0.0,0.0,0.0
442,25-26-friendly-leeds-united-vs-manchester-united,29,0,0,0,0.0,0.0,0,0,0,0,29,24,,0.0,1,0,,2,,0,1,2,0,2,1,0,1,0,0,,1,,0,0,0,0,0.0,0.0,0,0,0,0,0,0,0,0,,,0.0,,,0.0,0.0,0.0
444,25-26-friendly-leeds-united-vs-manchester-united,45,0,0,0,0.0,0.0,0,0,0,0,47,43,,0.0,11,0,,5,,0,0,1,0,1,1,0,1,0,1,,0,,1,0,0,0,0.0,0.0,0,0,0,0,0,0,0,0,,,0.0,,,0.0,0.0,0.0
447,25-26-friendly-leeds-united-vs-manchester-united,45,0,0,1,0.0,0.0,1,0,1,1,38,31,,0.0,6,0,,1,,1,0,1,0,1,0,0,3,2,2,,1,,1,1,0,0,0.0,0.0,0,0,0,0,0,0,0,0,,,0.0,,,0.0,0.0,0.0
344,25-26-friendly-leeds-united-vs-manchester-united,45,0,0,0,0.0,0.0,0,0,0,0,39,36,,0.0,0,0,,2,,0,0,2,1,1,0,0,1,0,0,,1,,0,0,0,0,0.0,0.0,0,0,0,0,0,0,0,0,,,0.0,,,0.0,0.0,0.0
351,25-26-friendly-leeds-united-vs-manchester-united,45,0,0,0,0.0,0.0,0,1,0,0,34,19,,0.0,0,0,,0,,1,0,2,0,0,0,0,4,2,4,,0,,1,0,0,0,0.0,0.0,0,0,0,1,0,0,0,1,,,0.0,,,0.0,0.0,0.0
439,25-26-friendly-leeds-united-vs-manchester-united,45,0,0,2,0.0,0.0,0,1,0,2,29,12,,1.0,0,0,,1,,1,0,3,0,0,0,0,3,3,2,,1,,0,0,0,0,0.0,0.0,0,0,0,1,0,0,0,0,,,0.0,,,0.0,0.0,0.0
458,25-26-friendly-leeds-united-vs-manchester-united,45,0,0,2,0.0,0.0,0,0,1,3,30,18,,0.0,3,0,,3,,0,0,2,0,0,0,1,2,4,1,,1,,1,0,0,0,0.0,0.0,0,0,0,1,0,0,0,0,,,0.0,,,0.0,0.0,0.0
465,25-26-friendly-leeds-united-vs-manchester-united,45,0,0,1,0.0,0.0,0,0,0,6,16,7,,1.0,0,0,,0,,0,0,0,0,0,0,0,2,0,1,,1,,1,0,0,0,0.0,0.0,0,0,0,0,0,0,0,0,,,0.0,,,0.0,0.0,0.0
455,25-26-friendly-leeds-united-vs-manchester-united,45,0,0,1,0.0,0.0,0,0,0,3,25,13,,1.0,1,1,,0,,0,0,2,0,0,0,0,0,1,0,,0,,0,1,0,0,0.0,0.0,0,0,0,0,0,3,0,0,,,0.0,,,0.0,0.0,0.0
353,25-26-friendly-leeds-united-vs-manchester-united,45,0,0,0,0.0,0.0,0,1,0,0,20,5,,0.0,2,0,,0,,1,0,0,0,1,0,0,4,3,3,,1,,1,1,0,0,0.0,0.0,0,0,0,1,0,0,0,1,,,0.0,,,0.0,0.0,0.0
452,25-26-friendly-leeds-united-vs-manchester-united,45,0,0,1,0.0,0.0,0,1,0,3,33,18,,1.0,1,0,,0,,0,0,1,0,0,0,1,5,5,5,,0,,4,0,0,0,0.0,0.0,0,0,0,2,0,0,0,0,,,0.0,,,0.0,0.0,0.0
362,25-26-friendly-leeds-united-vs-manchester-united,45,0,0,0,0.0,0.0,0,0,0,0,16,8,,2.0,2,0,,0,,0,0,1,0,1,0,0,0,2,0,,0,,0,0,0,0,0.0,0.0,0,0,0,0,0,0,0,0,,,0.0,,,0.0,0.0,0.0
341,25-26-friendly-leeds-united-vs-manchester-united,45,0,0,0,0.0,0.0,0,0,0,0,28,20,,0.0,0,0,,5,,0,0,2,0,1,0,0,0,0,0,,0,,0,0,1,0,0.0,0.0,0,20,5,0,0,0,1,0,,,0.0,,,0.0,0.0,0.0
443,25-26-friendly-leeds-united-vs-manchester-united,45,0,0,0,0.0,0.0,0,0,0,0,35,31,,0.0,2,0,,1,,0,0,1,0,0,0,0,0,1,0,,0,,0,0,0,0,0.0,0.0,0,0,0,0,0,0,0,0,,,0.0,,,0.0,0.0,0.0
346,25-26-friendly-leeds-united-vs-manchester-united,45,0,0,0,0.0,0.0,0,0,0,0,26,21,,0.0,1,0,,1,,0,0,1,0,3,0,0,1,3,1,,0,,0,2,0,0,0.0,0.0,0,0,0,0,0,0,0,0,,,0.0,,,0.0,0.0,0.0
493,25-26-friendly-leeds-united-vs-manchester-united,45,0,0,0,0.0,0.0,0,0,0,0,29,24,,1.0,1,0,,1,,0,0,2,0,0,0,0,2,3,2,,0,,2,0,0,0,0.0,0.0,0,0,0,1,0,0,0,0,,,0.0,,,0.0,0.0,0.0
357,25-26-friendly-leeds-united-vs-manchester-united,45,0,0,2,0.0,0.0,2,0,1,2,17,8,,0.0,1,0,,0,,0,0,4,0,0,0,0,0,3,0,,0,,0,2,0,0,0.0,0.0,0,0,0,1,0,0,0,1,,,0.0,,,0.0,0.0,0.0
436,25-26-friendly-leeds-united-vs-manchester-united,45,0,0,0,0.0,0.0,0,0,0,0,35,30,,0.0,1,0,,0,,0,0,0,0,2,1,0,1,3,0,,1,,0,0,0,0,0.0,0.0,0,0,0,0,0,0,0,0,,,0.0,,,0.0,0.0,0.0
354,25-26-friendly-leeds-united-vs-manchester-united,45,0,0,0,0.0,0.0,0,0,0,0,52,40,,0.0,1,0,,3,,0,0,2,0,0,0,1,0,5,0,,0,,0,3,0,0,0.0,0.0,0,0,0,0,0,0,0,0,,,0.0,,,0.0,0.0,0.0
365,25-26-friendly-leeds-united-vs-manchester-united,45,0,0,0,0.0,0.0,0,0,0,0,18,9,,0.0,2,0,,0,,0,0,1,0,0,0,0,4,2,1,,3,,1,0,0,0,0.0,0.0,0,0,0,0,0,0,0,0,,,0.0,,,0.0,0.0,0.0
450,25-26-friendly-leeds-united-vs-manchester-united,45,0,0,0,0.0,0.0,0,1,0,0,26,11,,0.0,0,0,,0,,1,1,2,0,0,0,2,4,6,4,,0,,2,0,0,0,0.0,0.0,0,0,0,1,0,0,0,0,,,0.0,,,0.0,0.0,0.0
460,25-26-friendly-leeds-united-vs-manchester-united,45,0,0,0,0.0,0.0,0,0,0,1,17,13,,1.0,0,0,,0,,0,0,0,0,0,0,0,1,0,0,,1,,0,0,0,0,0.0,0.0,0,0,0,0,0,0,0,0,,,0.0,,,0.0,0.0,0.0
343,25-26-friendly-leeds-united-vs-manchester-united,45,0,0,0,0.0,0.0,0,0,0,0,35,24,,0.0,1,0,,0,,0,1,0,1,4,2,0,0,2,0,,0,,0,1,0,0,0.0,0.0,0,0,0,0,0,0,0,0,,,0.0,,,0.0,0.0,0.0
457,25-26-friendly-leeds-united-vs-manchester-united,45,0,0,1,0.0,0.0,0,0,0,1,32,22,,0.0,2,0,,2,,0,1,3,0,0,0,2,1,5,0,,1,,0,3,0,0,0.0,0.0,0,0,0,0,0,0,0,0,,,0.0,,,0.0,0.0,0.0
446,25-26-friendly-leeds-united-vs-manchester-united,16,0,0,0,0.0,0.0,0,0,0,1,12,9,,0.0,0,0,,1,,0,0,1,0,0,0,0,0,0,0,,0,,0,0,0,0,0.0,0.0,0,0,0,0,0,0,0,0,,,0.0,,,0.0,0.0,0.0
462,25-26-friendly-leeds-united-vs-manchester-united,10,0,0,0,0.0,0.0,0,0,0,3,4,2,,0.0,1,0,,0,,0,0,0,0,0,0,0,0,0,0,,0,,0,0,0,0,0.0,0.0,0,0,0,0,0,0,0,0,,,0.0,,,0.0,0.0,0.0
347,25-26-friendly-leeds-united-vs-manchester-united,45,0,0,0,0.0,0.0,0,0,0,0,26,15,,0.0,1,1,,1,,0,1,1,0,2,1,2,0,4,0,,0,,0,0,0,0,0.0,0.0,0,0,0,2,0,1,0,0,,,0.0,,,0.0,0.0,0.0
431,25-26-friendly-leeds-united-vs-manchester-united,45,0,0,0,0.0,0.0,0,0,0,0,20,14,,0.0,1,0,,1,,0,0,3,0,0,0,0,0,0,0,,0,,0,0,0,0,0.0,0.0,0,14,1,0,0,0,0,0,,,0.0,,,0.0,0.0,0.0
467,25-26-friendly-leeds-united-vs-manchester-united,45,0,0,5,0.0,0.0,1,0,0,6,11,1,,0.0,0,0,,0,,0,0,0,0,0,0,0,1,4,0,,1,,0,0,0,0,0.0,0.0,0,0,0,0,0,0,0,0,,,0.0,,,0.0,0.0,0.0
352,25-26-friendly-leeds-united-vs-manchester-united,45,0,0,0,0.0,0.0,0,0,0,0,15,9,,0.0,0,0,,0,,0,0,0,0,0,0,1,0,2,0,,0,,0,0,0,0,0.0,0.0,0,0,0,0,0,0,0,0,,,0.0,,,0.0,0.0,0.0
359,25-26-friendly-leeds-united-vs-manchester-united,4,0,0,0,0.0,0.0,0,0,0,0,4,2,,0.0,2,0,,0,,0,1,0,0,0,0,0,0,1,0,,0,,0,1,0,0,0.0,0.0,0,0,0,0,0,0,0,0,,,0.0,,,0.0,0.0,0.0
567,25-26-friendly-tottenham-hotspur-vs-luton-town,45,0,0,0,0.0,0.0,0,0,0,0,27,15,,0.0,3,0,,4,,0,0,3,0,1,0,0,1,0,0,,1,,0,0,2,0,0.0,0.0,0,15,4,0,2,0,2,0,,,0.0,,,0.0,0.0,0.0
575,25-26-friendly-tottenham-hotspur-vs-luton-town,77,0,0,0,0.0,0.0,0,0,0,0,84,70,,0.0,5,0,,0,,0,2,1,0,4,3,0,3,2,3,,0,,3,1,0,0,0.0,0.0,0,0,0,0,0,0,0,0,,,0.0,,,0.0,0.0,0.0
570,25-26-friendly-tottenham-hotspur-vs-luton-town,64,0,0,0,0.0,0.0,0,0,0,0,62,49,,0.0,2,0,,1,,0,2,2,1,4,4,0,1,1,1,,0,,1,1,0,0,0.0,0.0,0,0,0,0,0,0,0,0,,,0.0,,,0.0,0.0,0.0
587,25-26-friendly-tottenham-hotspur-vs-luton-town,82,0,0,0,0.0,0.0,0,0,0,0,61,48,,0.0,5,0,,2,,1,1,1,0,2,1,1,2,2,2,,0,,1,0,0,0,0.0,0.0,0,0,0,0,0,0,0,0,,,0.0,,,0.0,0.0,0.0
591,25-26-friendly-tottenham-hotspur-vs-luton-town,77,0,0,0,0.0,0.0,0,1,0,0,38,31,,0.0,1,0,,2,,0,0,1,0,1,1,0,2,2,1,,1,,0,2,0,0,0.0,0.0,0,0,0,0,0,0,0,0,,,0.0,,,0.0,0.0,0.0
592,25-26-friendly-tottenham-hotspur-vs-luton-town,77,0,0,0,0.0,0.0,0,1,0,0,22,15,,0.0,0,0,,0,,0,1,0,0,1,1,0,3,2,2,,1,,1,0,0,0,0.0,0.0,0,0,0,1,0,0,0,0,,,0.0,,,0.0,0.0,0.0
580,25-26-friendly-tottenham-hotspur-vs-luton-town,77,0,0,0,0.0,0.0,0,0,0,2,30,14,,0.0,3,1,,2,,3,0,0,0,0,0,0,4,3,4,,0,,1,0,0,0,0.0,0.0,0,0,0,1,0,0,0,2,,,0.0,,,0.0,0.0,0.0
595,25-26-friendly-tottenham-hotspur-vs-luton-town,13,0,0,0,0.0,0.0,0,0,0,0,6,5,,1.0,1,0,,1,,0,0,2,0,0,0,0,0,0,0,,0,,0,0,0,0,0.0,0.0,0,0,0,0,0,0,0,0,,,0.0,,,0.0,0.0,0.0
573,25-26-friendly-tottenham-hotspur-vs-luton-town,77,0,0,0,0.0,0.0,0,0,0,0,65,34,,0.0,5,0,,0,,0,1,4,0,0,0,0,4,6,4,,0,,3,3,0,0,0.0,0.0,0,0,0,2,0,0,0,0,,,0.0,,,0.0,0.0,0.0
599,25-26-friendly-tottenham-hotspur-vs-luton-town,13,0,0,0,0.0,0.0,0,0,0,0,3,2,,0.0,0,0,,1,,0,0,0,0,1,1,0,1,0,0,,1,,0,0,0,0,0.0,0.0,0,0,0,0,0,0,0,0,,,0.0,,,0.0,0.0,0.0
584,25-26-friendly-tottenham-hotspur-vs-luton-town,77,0,0,0,0.0,0.0,0,1,0,0,36,10,,1.0,1,0,,1,,0,1,1,0,1,1,0,4,7,4,,0,,1,1,0,0,0.0,0.0,0,0,0,3,0,4,0,0,,,0.0,,,0.0,0.0,0.0
582,25-26-friendly-tottenham-hotspur-vs-luton-town,77,0,0,1,0.0,0.0,1,3,1,6,36,14,,0.0,2,0,,2,,0,0,3,0,0,0,1,5,9,5,,0,,1,3,0,0,0.0,0.0,0,0,0,3,0,0,0,1,,,0.0,,,0.0,0.0,0.0
598,25-26-friendly-tottenham-hotspur-vs-luton-town,13,0,0,1,0.0,0.0,0,0,1,2,4,1,,0.0,0,0,,0,,0,1,0,0,0,0,0,0,0,0,,0,,0,0,0,0,0.0,0.0,0,0,0,0,0,0,0,0,,,0.0,,,0.0,0.0,0.0
565,25-26-friendly-tottenham-hotspur-vs-luton-town,45,0,0,0,0.0,0.0,0,0,0,0,23,20,,0.0,1,0,,2,,0,0,4,0,0,0,0,1,1,1,,0,,1,0,0,0,0.0,0.0,1,20,2,0,0,0,0,0,,,0.0,,,0.0,0.0,0.0
136,25-26-friendly-brentford-vs-gil-vicente,45,1,0,3,0.5,0.01,2,1,0,5,16,8,,0.0,1,0,,0,,0,0,1,0,0,0,0,1,3,1,,0,,0,2,0,0,0.0,0.0,0,0,0,0,0,0,0,0,,,0.0,,,0.0,0.0,0.0
116,25-26-friendly-brentford-vs-gil-vicente,46,0,0,0,0.0,0.01,0,2,0,0,64,45,,0.0,7,0,,1,,1,1,2,1,0,0,0,6,2,6,,0,,3,2,0,0,0.0,0.0,0,0,0,0,0,0,0,0,,,0.0,,,0.0,0.0,0.0
109,25-26-friendly-brentford-vs-gil-vicente,46,0,0,0,0.0,0.01,0,0,0,0,34,25,,0.0,3,0,,1,,2,0,2,0,0,0,0,4,0,2,,2,,0,0,0,0,0.0,0.0,0,0,0,0,0,0,0,0,,,0.0,,,0.0,0.0,0.0
118,25-26-friendly-brentford-vs-gil-vicente,45,0,0,0,0.0,0.03,0,0,0,1,38,24,,0.0,3,0,,0,,1,1,1,0,0,0,0,4,0,4,,0,,2,0,0,0,0.0,0.0,0,0,0,0,0,0,0,0,,,0.0,,,0.0,0.0,0.0
123,25-26-friendly-brentford-vs-gil-vicente,45,0,0,1,0.04,0.07,0,1,0,4,25,11,,0.0,1,0,,0,,0,2,3,0,0,0,0,5,2,5,,0,,4,1,0,0,0.0,0.0,0,0,0,0,0,0,0,0,,,0.0,,,0.0,0.0,0.0
106,25-26-friendly-brentford-vs-gil-vicente,45,0,0,0,0.0,0.0,0,0,0,0,53,40,,0.0,5,0,,2,,1,0,2,0,2,2,0,2,2,1,,1,,0,0,0,0,0.0,0.0,0,0,0,0,0,0,0,0,,,0.0,,,0.0,0.0,0.0
108,25-26-friendly-brentford-vs-gil-vicente,46,0,0,0,0.0,0.01,0,0,0,0,50,42,,0.0,5,0,,1,,0,0,1,1,2,1,0,1,0,0,,1,,0,0,0,0,0.0,0.0,0,0,0,0,0,0,0,0,,,0.0,,,0.0,0.0,0.0
133,25-26-friendly-brentford-vs-gil-vicente,46,0,0,0,0.0,0.03,0,0,0,0,8,2,,1.0,0,0,,1,,0,0,1,0,1,1,0,2,2,1,,1,,0,1,0,0,0.0,0.0,0,0,0,0,0,0,0,0,,,0.0,,,0.0,0.0,0.0
105,25-26-friendly-brentford-vs-gil-vicente,46,0,0,0,0.0,0.0,0,0,0,0,10,6,,0.0,0,0,,1,,0,0,2,0,1,0,0,0,0,0,,0,,0,0,0,0,0.0,0.0,0,6,1,0,0,0,0,0,,,0.0,,,0.0,0.0,0.0
127,25-26-friendly-brentford-vs-gil-vicente,14,0,0,0,0.0,0.0,0,0,0,1,6,1,,0.0,0,0,,0,,1,0,0,0,1,0,0,1,0,1,,0,,0,0,0,0,0.0,0.0,0,0,0,0,0,0,0,0,,,0.0,,,0.0,0.0,0.0
110,25-26-friendly-brentford-vs-gil-vicente,45,0,0,0,0.0,0.01,0,1,0,1,24,16,,0.0,3,0,,0,,0,1,2,0,0,0,0,1,3,1,,0,,0,1,0,0,0.0,0.0,0,0,0,0,0,0,0,0,,,0.0,,,0.0,0.0,0.0
120,25-26-friendly-brentford-vs-gil-vicente,45,0,0,0,0.0,0.12,0,1,0,2,23,12,,1.0,1,1,,1,,0,0,1,1,0,0,0,2,3,2,,0,,1,1,0,0,0.0,0.0,0,0,0,0,0,0,0,1,,,0.0,,,0.0,0.0,0.0
129,25-26-friendly-brentford-vs-gil-vicente,46,0,0,0,0.0,0.01,0,0,0,1,31,25,,0.0,3,0,,4,,0,1,2,0,0,0,1,0,2,0,,0,,0,1,0,0,0.0,0.0,0,0,0,0,0,0,0,0,,,0.0,,,0.0,0.0,0.0
126,25-26-friendly-brentford-vs-gil-vicente,45,0,0,0,0.0,0.0,0,0,0,2,33,20,,0.0,2,0,,1,,0,1,3,0,0,0,0,0,1,0,,0,,0,0,0,0,0.0,0.0,0,0,0,0,0,0,0,0,,,0.0,,,0.0,0.0,0.0
114,25-26-friendly-brentford-vs-gil-vicente,46,0,0,0,0.0,0.0,0,0,0,0,36,33,,0.0,1,0,,0,,0,0,0,0,1,0,0,1,1,0,,1,,0,1,0,0,0.0,0.0,0,0,0,0,0,0,0,0,,,0.0,,,0.0,0.0,0.0
122,25-26-friendly-brentford-vs-gil-vicente,46,0,0,0,0.0,0.01,0,0,0,0,15,12,,0.0,1,0,,0,,0,1,2,0,0,0,0,0,3,0,,0,,0,1,0,0,0.0,0.0,0,0,0,0,0,0,0,0,,,0.0,,,0.0,0.0,0.0
134,25-26-friendly-brentford-vs-gil-vicente,38,0,0,1,0.1,0.01,1,0,0,1,17,11,,0.0,1,0,,1,,0,0,0,0,0,0,0,2,2,2,,0,,1,1,0,0,0.0,0.0,0,0,0,0,0,0,0,0,,,0.0,,,0.0,0.0,0.0
130,25-26-friendly-brentford-vs-gil-vicente,32,0,0,0,0.0,0.0,0,1,0,0,27,12,,0.0,0,0,,0,,0,0,0,0,0,0,0,3,6,3,,0,,1,1,0,0,0.0,0.0,0,0,0,0,0,0,0,0,,,0.0,,,0.0,0.0,0.0
124,25-26-friendly-brentford-vs-gil-vicente,45,0,0,0,0.0,0.02,0,0,0,0,36,28,,0.0,3,0,,1,,0,0,0,0,0,0,0,1,2,0,,1,,0,1,0,0,0.0,0.0,0,0,0,0,0,0,0,0,,,0.0,,,0.0,0.0,0.0
121,25-26-friendly-brentford-vs-gil-vicente,45,0,0,0,0.0,0.02,0,0,0,2,31,15,,0.0,8,0,,1,,1,1,0,0,0,0,1,1,4,1,,0,,0,1,0,0,0.0,0.0,0,0,0,0,0,0,0,1,,,0.0,,,0.0,0.0,0.0
107,25-26-friendly-brentford-vs-gil-vicente,46,0,0,0,0.0,0.02,0,0,0,1,17,11,,0.0,0,1,,0,,0,0,1,0,0,0,1,0,2,0,,0,,0,0,0,0,0.0,0.0,0,0,0,0,0,0,0,0,,,0.0,,,0.0,0.0,0.0
101,25-26-friendly-brentford-vs-gil-vicente,45,0,0,0,0.0,0.0,0,0,0,0,22,16,,0.0,1,0,,0,,0,0,3,0,0,0,0,0,0,0,,0,,0,0,2,1,0.32,0.68,0,16,0,0,0,0,0,0,,,0.0,,,0.0,0.0,0.0
113,25-26-friendly-brentford-vs-gil-vicente,45,0,0,0,0.0,0.0,0,0,0,0,48,44,,0.0,1,0,,0,,0,1,0,0,1,0,0,1,4,0,,1,,0,1,0,0,0.0,0.0,0,0,0,0,0,0,0,0,,,0.0,,,0.0,0.0,0.0
131,25-26-friendly-brentford-vs-gil-vicente,8,0,0,0,0.0,0.0,0,0,0,0,5,2,,0.0,0,0,,0,,0,0,0,0,0,0,0,1,2,1,,0,,0,1,0,0,0.0,0.0,0,0,0,0,0,0,0,0,,,0.0,,,0.0,0.0,0.0
283,25-26-friendly-augsburg-vs-crystal-palace,90,2,1,5,0.94,0.07,3,2,0,7,30,10,,2.0,2,0,,2,,0,0,2,0,1,1,0,5,7,4,,1,,2,2,0,0,0.0,0.0,0,0,0,0,0,0,0,0,,,0.0,,,0.0,0.0,0.0
266,25-26-friendly-augsburg-vs-crystal-palace,90,1,1,3,0.13,0.35,1,1,0,5,67,39,,3.0,7,1,,0,,0,0,11,0,1,1,0,5,7,4,,1,,3,1,0,0,0.0,0.0,0,0,0,0,0,0,0,0,,,0.0,,,0.0,0.0,0.0
253,25-26-friendly-augsburg-vs-crystal-palace,90,0,0,0,0.0,0.0,0,0,0,0,29,19,,0.0,4,0,,8,,0,0,7,0,0,0,0,0,0,0,,0,,0,0,2,1,2.23,1.23,0,19,8,0,0,0,0,0,,,0.0,,,0.0,0.0,0.0
273,25-26-friendly-augsburg-vs-crystal-palace,90,0,0,1,0.02,0.16,1,1,0,0,70,41,,2.0,11,0,,1,,0,2,6,0,2,1,2,4,5,4,,0,,0,1,0,0,0.0,0.0,0,0,0,0,0,0,0,0,,,0.0,,,0.0,0.0,0.0
260,25-26-friendly-augsburg-vs-crystal-palace,90,0,0,0,0.0,0.03,0,0,0,0,86,66,,0.0,12,0,,6,,1,3,2,0,6,4,0,4,5,2,,2,,0,1,0,0,0.0,0.0,0,0,0,0,0,0,0,0,,,0.0,,,0.0,0.0,0.0
257,25-26-friendly-augsburg-vs-crystal-palace,90,0,0,1,0.02,0.01,0,0,0,1,60,41,,0.0,4,0,,5,,0,2,3,0,7,6,0,4,1,1,,3,,0,0,0,0,0.0,0.0,0,0,0,0,0,0,0,0,,,0.0,,,0.0,0.0,0.0
256,25-26-friendly-augsburg-vs-crystal-palace,90,0,0,0,0.0,0.01,0,1,0,0,54,29,,0.0,2,0,,1,,1,1,1,0,6,4,0,6,5,3,,3,,1,5,0,0,0.0,0.0,0,0,0,0,0,0,0,0,,,0.0,,,0.0,0.0,0.0
261,25-26-friendly-augsburg-vs-crystal-palace,69,0,0,1,0.06,0.01,1,1,0,1,34,18,,1.0,2,0,,2,,0,1,0,0,5,4,0,7,3,3,,4,,0,1,0,0,0.0,0.0,0,0,0,0,0,0,0,0,,,0.0,,,0.0,0.0,0.0
271,25-26-friendly-augsburg-vs-crystal-palace,90,0,0,1,0.07,0.11,1,0,1,1,71,52,,0.0,8,0,,0,,1,1,4,0,1,0,1,4,4,3,,1,,0,3,0,0,0.0,0.0,0,0,0,0,0,0,0,0,,,0.0,,,0.0,0.0,0.0
267,25-26-friendly-augsburg-vs-crystal-palace,90,0,0,1,0.2,0.14,1,0,1,2,37,21,,1.0,4,0,,1,,0,0,2,0,1,1,2,3,6,2,,1,,2,3,0,0,0.0,0.0,0,0,0,0,0,0,0,0,,,0.0,,,0.0,0.0,0.0
258,25-26-friendly-augsburg-vs-crystal-palace,69,0,0,0,0.0,0.3,0,0,0,3,33,13,,2.0,0,1,,1,,1,0,1,0,2,1,0,2,3,1,,1,,0,2,0,0,0.0,0.0,0,0,0,0,0,0,0,0,,,0.0,,,0.0,0.0,0.0
254,25-26-friendly-augsburg-vs-crystal-palace,64,0,0,0,0.0,0.0,0,0,0,0,20,9,,0.0,2,0,,2,,0,0,7,0,1,0,0,0,0,0,,0,,0,0,0,0,0.0,0.0,0,0,0,0,0,0,0,0,,,0.0,,,0.0,0.0,0.0
101,25-26-friendly-brentford-vs-queens-park-rangers,90,0,0,0,0.0,0.01,0,0,0,0,51,35,,0.0,8,0,,9,,0,0,8,0,0,0,0,0,0,0,,0,,0,0,2,0,0.59,0.59,0,35,9,0,1,0,0,0,,,0.0,,,0.0,0.0,0.0
110,25-26-friendly-brentford-vs-queens-park-rangers,76,0,1,0,0.0,0.11,0,1,0,1,56,29,,1.0,3,1,,0,,0,1,4,0,0,0,0,2,1,2,,0,,0,0,0,0,0.0,0.0,0,0,0,0,0,0,0,0,,,0.0,,,0.0,0.0,0.0
106,25-26-friendly-brentford-vs-queens-park-rangers,76,1,0,1,0.1,0.01,1,0,0,1,101,91,,0.0,3,0,,5,,0,1,1,0,3,2,1,0,2,0,,0,,0,0,0,0,0.0,0.0,0,0,0,0,0,0,0,1,,,0.0,,,0.0,0.0,0.0
129,25-26-friendly-brentford-vs-queens-park-rangers,75,0,0,0,0.0,0.02,0,2,0,1,67,47,,1.0,2,0,,3,,0,3,4,0,2,1,2,4,2,4,,0,,1,0,0,0,0.0,0.0,0,0,0,0,0,0,0,0,,,0.0,,,0.0,0.0,0.0
108,25-26-friendly-brentford-vs-queens-park-rangers,64,0,0,0,0.0,0.01,0,0,0,0,63,51,,0.0,7,0,,7,,0,0,9,0,2,1,0,2,0,2,,0,,0,0,0,0,0.0,0.0,0,0,0,0,0,0,0,0,,,0.0,,,0.0,0.0,0.0
109,25-26-friendly-brentford-vs-queens-park-rangers,64,0,0,1,0.03,0.01,1,1,0,1,59,40,,0.0,4,1,,3,,1,1,3,0,0,0,0,5,3,4,,1,,1,2,0,0,0.0,0.0,0,0,0,0,0,0,0,0,,,0.0,,,0.0,0.0,0.0
122,25-26-friendly-brentford-vs-queens-park-rangers,27,0,0,1,0.11,0.02,1,2,0,2,18,9,,1.0,2,0,,0,,0,2,1,0,1,1,0,2,0,2,,0,,0,0,0,0,0.0,0.0,0,0,0,0,0,0,0,0,,,0.0,,,0.0,0.0,0.0
128,25-26-friendly-brentford-vs-queens-park-rangers,15,0,0,0,0.0,0.05,0,1,0,0,20,14,,1.0,0,0,,0,,0,1,3,0,0,0,0,1,1,1,,0,,0,0,0,0,0.0,0.0,0,0,0,0,0,0,0,0,,,0.0,,,0.0,0.0,0.0
123,25-26-friendly-brentford-vs-queens-park-rangers,76,0,0,1,0.06,0.03,1,0,0,3,37,17,,0.0,0,0,,0,,1,1,3,0,0,0,2,2,6,2,,0,,0,1,0,0,0.0,0.0,0,0,0,0,0,0,0,0,,,0.0,,,0.0,0.0,0.0
121,25-26-friendly-brentford-vs-queens-park-rangers,76,0,0,0,0.0,0.06,0,0,0,2,49,29,,1.0,11,0,,4,,0,1,1,0,0,0,2,1,6,1,,0,,1,0,0,0,0.0,0.0,0,0,0,0,0,0,0,0,,,0.0,,,0.0,0.0,0.0
263,25-26-friendly-augsburg-vs-crystal-palace,22,0,0,0,0.0,0.01,0,1,0,1,10,9,,1.0,1,0,,0,,3,2,1,0,4,2,1,4,1,4,,0,,0,0,0,0,0.0,0.0,0,0,0,0,0,0,0,0,,,0.0,,,0.0,0.0,0.0
270,25-26-friendly-augsburg-vs-crystal-palace,90,0,0,3,0.17,0.26,0,0,0,0,43,24,,2.0,2,1,,2,,0,1,4,1,0,0,0,1,2,1,,0,,0,1,0,0,0.0,0.0,0,0,0,0,0,0,0,0,,,0.0,,,0.0,0.0,0.0
285,25-26-friendly-augsburg-vs-crystal-palace,81,0,0,1,0.04,0.05,1,0,0,2,25,10,,1.0,1,0,,0,,1,0,0,0,2,2,1,7,4,6,,1,,5,1,0,0,0.0,0.0,0,0,0,0,0,0,0,0,,,0.0,,,0.0,0.0,0.0
281,25-26-friendly-augsburg-vs-crystal-palace,90,0,0,0,0.0,0.01,0,0,0,0,54,35,,0.0,9,0,,4,,1,1,4,0,4,1,0,4,4,3,,1,,1,1,0,0,0.0,0.0,0,0,0,0,0,0,0,0,,,0.0,,,0.0,0.0,0.0
278,25-26-friendly-augsburg-vs-crystal-palace,10,0,0,0,0.0,0.0,0,0,0,0,5,2,,0.0,0,0,,0,,1,0,1,0,0,0,0,1,0,1,,0,,0,0,0,0,0.0,0.0,0,0,0,0,0,0,0,0,,,0.0,,,0.0,0.0,0.0
275,25-26-friendly-augsburg-vs-crystal-palace,20,0,0,0,0.0,0.0,0,0,0,0,13,7,,0.0,2,0,,0,,0,0,1,0,0,0,0,3,0,3,,0,,3,0,0,0,0.0,0.0,0,0,0,0,0,0,0,0,,,0.0,,,0.0,0.0,0.0
255,25-26-friendly-augsburg-vs-crystal-palace,27,0,0,0,0.0,0.0,0,0,0,0,7,3,,0.0,0,0,,2,,0,0,3,0,0,0,0,0,0,0,,0,,0,0,0,1,0.93,0.07,0,3,2,0,0,0,0,0,,,0.0,,,0.0,0.0,0.0
136,25-26-friendly-brentford-vs-queens-park-rangers,64,0,0,1,0.1,0.01,0,1,0,4,24,10,,1.0,1,0,,1,,0,0,0,0,1,1,0,5,7,1,,4,,0,1,0,0,0.0,0.0,0,0,0,0,0,0,0,2,,,0.0,,,0.0,0.0,0.0
133,25-26-friendly-brentford-vs-queens-park-rangers,27,0,0,2,0.33,0.0,1,0,0,2,10,2,,0.0,0,0,,0,,0,0,1,0,2,2,1,2,2,1,,1,,1,0,0,0,0.0,0.0,0,0,0,0,0,0,0,0,,,0.0,,,0.0,0.0,0.0
130,25-26-friendly-brentford-vs-queens-park-rangers,15,0,0,1,0.04,0.31,1,0,0,1,15,9,,1.0,1,1,,0,,0,0,1,0,0,0,2,2,3,1,,1,,1,1,0,0,0.0,0.0,0,0,0,0,0,0,0,0,,,0.0,,,0.0,0.0,0.0
126,25-26-friendly-brentford-vs-queens-park-rangers,64,0,0,0,0.0,0.01,0,0,0,1,45,34,,0.0,6,0,,3,,0,0,1,0,0,0,1,0,1,0,,0,,0,0,0,0,0.0,0.0,0,0,0,0,0,0,0,0,,,0.0,,,0.0,0.0,0.0
114,25-26-friendly-brentford-vs-queens-park-rangers,27,0,0,0,0.0,0.0,0,0,0,0,37,29,,0.0,0,0,,0,,1,0,2,0,0,0,0,1,1,1,,0,,0,0,0,0,0.0,0.0,0,0,0,0,0,0,0,0,,,0.0,,,0.0,0.0,0.0
118,25-26-friendly-brentford-vs-queens-park-rangers,15,0,0,0,0.0,0.01,0,0,0,1,6,2,,0.0,0,1,,0,,0,0,0,0,0,0,0,0,0,0,,0,,0,0,0,0,0.0,0.0,0,0,0,0,0,0,0,0,,,0.0,,,0.0,0.0,0.0
116,25-26-friendly-brentford-vs-queens-park-rangers,27,0,0,0,0.0,0.01,0,0,0,0,27,19,,0.0,1,0,,1,,0,0,0,0,3,2,0,0,1,0,,0,,0,0,0,0,0.0,0.0,0,0,0,0,0,0,0,0,,,0.0,,,0.0,0.0,0.0
131,25-26-friendly-brentford-vs-queens-park-rangers,15,0,0,0,0.0,0.0,0,0,0,0,18,15,,0.0,1,0,,2,,0,1,0,0,0,0,0,0,1,0,,0,,0,0,0,0,0.0,0.0,0,0,0,0,0,0,0,0,,,0.0,,,0.0,0.0,0.0
107,25-26-friendly-brentford-vs-queens-park-rangers,76,0,0,0,0.0,0.13,0,0,0,2,27,13,,0.0,4,0,,0,,0,0,1,0,0,0,0,1,6,1,,0,,1,2,0,0,0.0,0.0,0,0,0,0,0,0,0,0,,,0.0,,,0.0,0.0,0.0
276,25-26-friendly-augsburg-vs-crystal-palace,90,0,0,0,0.0,0.12,0,0,0,0,39,22,,3.0,5,1,,0,,1,0,3,0,0,0,1,2,9,2,,0,,1,3,0,0,0.0,0.0,0,0,0,0,0,0,0,0,,,0.0,,,0.0,0.0,0.0
284,25-26-friendly-augsburg-vs-crystal-palace,28,0,0,0,0.0,0.0,0,1,0,1,6,0,,0.0,1,0,,0,,0,0,0,0,0,0,0,3,2,1,,2,,0,0,0,0,0.0,0.0,0,0,0,0,0,0,0,0,,,0.0,,,0.0,0.0,0.0
272,25-26-friendly-augsburg-vs-crystal-palace,22,0,0,0,0.0,0.01,0,0,0,0,24,18,,1.0,6,0,,3,,1,3,4,0,6,1,0,1,1,0,,2,,1,1,0,0,0.0,0.0,0,0,0,0,0,0,0,0,,,0.0,,,0.0,0.0,0.0
269,25-26-friendly-augsburg-vs-crystal-palace,63,0,0,0,0.0,0.0,0,0,0,1,26,6,,1.0,3,0,,1,,1,0,2,1,0,0,0,2,8,2,,0,,1,3,0,0,0.0,0.0,0,0,0,0,0,0,0,0,,,0.0,,,0.0,0.0,0.0
