player_id,match_id,minutes_played,goals,assists,total_shots,xg,xa,shots_on_target,successful_dribbles,big_chances_missed,touches_opposition_box,touches,accurate_passes,accurate_passes_percent,chances_created,final_third_passes,accurate_crosses,accurate_crosses_percent,accurate_long_balls,accurate_long_balls_percent,tackles_won,interceptions,recoveries,blocks,clearances,headed_clearances,dribbled_past,duels_won,duels_lost,ground_duels_won,ground_duels_won_percent,aerial_duels_won,aerial_duels_won_percent,was_fouled,fouls_committed,saves,goals_conceded,xgot_faced,goals_prevented,sweeper_actions,gk_accurate_passes,gk_accurate_long_balls,dispossessed,high_claim,corners,saves_inside_box,offsides,successful_dribbles_percent,tackles_won_percent,xgot,tackles,start_min,finish_min,team_goals_conceded,penalties_scored,penalties_missed,top_speed,distance_covered,walking_distance,running_distance,sprinting_distance,number_of_sprints
419,25-26-prem-leeds-united-vs-everton,20,0,0,1,0.03,0.0,0,0,0,1,15,9,0.0,0.0,2,0,0.0,0,0.0,0,0,1,1,0,0,0,1,2,1,0.0,0,0.0,1,0,0,0,0.0,0.0,0,0,0,,0,0,0,0,0.0,0.0,0.0,0,71,94,1,0,0,28.1,2.6,0.884,1.7,0.023,2.0
356,25-26-prem-leeds-united-vs-everton,13,0,0,0,0.0,0.0,0,0,0,0,6,4,0.0,0.0,2,0,0.0,0,0.0,0,0,0,0,1,0,0,0,1,0,0.0,0,0.0,0,0,0,0,0.0,0.0,0,0,0,,0,0,0,0,0.0,0.0,0.0,0,78,94,0,0,0,28.0,2.2,0.6,1.6,0.012,1.0
493,25-26-prem-leeds-united-vs-everton,1,0,0,0,0.0,0.0,0,0,0,0,2,1,0.0,0.0,0,0,0.0,0,0.0,0,0,0,0,0,0,0,0,0,0,0.0,0,0.0,0,0,0,0,0.0,0.0,0,0,0,,0,0,0,0,0.0,0.0,0.0,0,94,94,0,0,0,22.2,0.57,0.112,0.458,0.0,0.0
621,25-26-prem-sunderland-vs-west-ham-united,9,0,0,0,0.0,0.06,0,0,0,0,13,5,0.0,1.0,2,1,0.0,0,0.0,1,0,1,0,0,0,0,1,0,1,0.0,0,0.0,0,0,0,0,0.0,0.0,0,0,0,,0,0,0,0,0.0,0.0,0.0,1,82,93,1,0,0,29.9,2.0,0.424,1.5,0.118,5.0
551,25-26-prem-sunderland-vs-west-ham-united,1,0,0,0,0.0,0.0,0,0,0,0,1,0,0.0,0.0,0,0,0.0,0,0.0,0,0,0,0,0,0,0,0,0,0,0.0,0,0.0,0,0,0,0,0.0,0.0,0,0,0,,0,0,0,0,0.0,0.0,0.0,0,93,93,0,0,0,30.7,0.582,0.178,0.374,0.03,1.0
443,25-26-prem-manchester-united-vs-arsenal,80,0,0,0,0.0,0.02,0,0,0,0,63,44,0.0,1.0,6,0,0.0,5,0.0,1,0,5,0,1,0,1,6,2,3,0.0,3,0.0,0,1,0,0,0.0,0.0,0,0,0,,0,0,0,0,0.0,0.0,0.0,3,0,80,1,0,0,29.9,8.3,2.9,5.4,0.137,7.0
16,25-26-prem-manchester-united-vs-arsenal,90,0,0,1,0.15,0.09,0,3,0,2,40,15,0.0,1.0,0,1,0.0,0,0.0,2,0,2,0,0,0,1,6,11,6,0.0,0,0.0,0,0,0,0,0.0,0.0,0,0,0,,0,0,0,0,0.0,0.0,0.0,3,0,93,0,0,0,33.7,10.4,3.1,6.9,0.396,17.0
457,25-26-prem-manchester-united-vs-arsenal,65,0,0,0,0.0,0.02,0,0,0,0,41,25,0.0,1.0,3,0,0.0,6,0.0,2,0,2,0,0,0,1,6,1,5,0.0,1,0.0,2,0,0,0,0.0,0.0,0,0,0,,0,0,0,0,0.0,0.0,0.0,3,0,65,1,0,0,29.5,7.5,2.0,5.4,0.176,6.0
541,25-26-prem-sunderland-vs-west-ham-united,90,0,0,0,0.0,0.0,0,0,0,0,63,32,0.0,0.0,12,0,0.0,1,0.0,2,2,3,0,4,1,0,3,2,3,0.0,0,0.0,1,1,0,0,0.0,0.0,0,0,0,,0,0,0,0,0.0,0.0,0.0,2,0,93,0,0,0,30.8,9.9,3.5,6.3,0.173,6.0
612,25-26-prem-sunderland-vs-west-ham-united,90,0,0,0,0.0,0.08,0,0,0,2,78,53,0.0,0.0,15,0,0.0,2,0.0,1,0,5,0,0,0,0,8,8,3,0.0,5,0.0,2,1,0,0,0.0,0.0,0,0,0,,0,0,0,0,0.0,0.0,0.0,1,0,93,3,0,0,30.0,10.7,3.0,7.5,0.247,7.0
614,25-26-prem-sunderland-vs-west-ham-united,71,0,0,0,0.0,0.02,0,0,0,1,56,43,0.0,1.0,7,0,0.0,1,0.0,0,0,2,0,0,0,0,2,0,1,0.0,1,0.0,0,0,0,0,0.0,0.0,0,0,0,,0,0,0,0,0.0,0.0,0.0,1,0,71,1,0,0,29.1,8.4,2.0,6.3,0.127,5.0
543,25-26-prem-sunderland-vs-west-ham-united,76,0,0,1,0.14,0.02,0,0,1,2,33,14,0.0,1.0,0,0,0.0,0,0.0,1,0,2,0,0,0,1,1,8,1,0.0,0,0.0,0,2,0,0,0.0,0.0,0,0,0,,0,0,0,0,0.0,0.0,0.0,1,0,76,0,0,0,30.4,8.6,2.7,5.7,0.244,10.0
613,25-26-prem-sunderland-vs-west-ham-united,20,0,0,1,0.07,0.0,1,0,0,2,15,10,0.0,0.0,1,0,0.0,0,0.0,0,1,0,0,0,0,0,1,1,0,0.0,1,0.0,0,0,0,0,0.0,0.0,0,0,0,,0,0,0,0,0.0,0.0,0.13,0,71,93,2,0,0,29.8,3.1,0.739,2.3,0.077,2.0
547,25-26-prem-sunderland-vs-west-ham-united,15,0,0,0,0.0,0.0,0,0,0,0,13,8,0.0,0.0,0,0,0.0,0,0.0,0,1,2,0,1,0,1,0,2,0,0.0,0,0.0,0,0,0,0,0.0,0.0,0,0,0,,0,0,0,0,0.0,0.0,0.0,0,76,93,0,0,0,31.0,2.5,0.702,1.8,0.071,4.0
618,25-26-prem-sunderland-vs-west-ham-united,71,0,0,1,0.03,0.03,0,0,0,0,42,28,0.0,0.0,4,0,0.0,0,0.0,0,0,4,0,0,0,1,1,1,0,0.0,1,0.0,0,0,0,0,0.0,0.0,0,0,0,,0,0,0,0,0.0,0.0,0.0,0,0,71,1,0,0,27.1,8.5,2.0,6.3,0.127,5.0
607,25-26-prem-sunderland-vs-west-ham-united,90,0,0,0,0.0,0.02,0,1,0,0,78,61,0.0,0.0,12,0,0.0,5,0.0,0,0,4,1,1,1,0,2,1,1,0.0,1,0.0,0,0,0,0,0.0,0.0,0,0,0,,0,0,0,0,0.0,0.0,0.0,0,0,93,3,0,0,31.8,10.2,3.0,6.8,0.339,14.0
671,25-26-prem-sunderland-vs-west-ham-united,20,0,0,1,0.02,0.0,0,0,0,3,6,0,0.0,0.0,0,0,0.0,0,0.0,0,0,1,0,0,0,0,1,3,1,0.0,0,0.0,1,1,0,0,0.0,0.0,0,0,0,,0,0,0,0,0.0,0.0,0.0,0,71,93,2,0,0,29.9,2.5,0.825,1.7,0.046,2.0
679,25-26-prem-sunderland-vs-west-ham-united,90,0,0,0,0.0,0.01,0,0,0,0,42,21,0.0,0.0,8,0,0.0,10,0.0,0,0,6,0,2,0,0,1,0,0,0.0,1,0.0,0,0,2,3,1.76,-1.24,0,21,10,,1,0,0,0,0.0,0.0,0.0,0,0,93,3,0,0,20.7,6.1,4.2,2.0,0.0,0.0
625,25-26-prem-sunderland-vs-west-ham-united,90,0,0,2,0.14,0.08,1,0,0,8,36,15,0.0,1.0,2,0,0.0,0,0.0,0,0,0,0,0,0,0,3,16,0,0.0,3,0.0,0,5,0,0,0.0,0.0,0,0,0,,0,0,0,0,0.0,0.0,0.15,0,0,93,3,0,0,27.0,10.4,3.2,7.0,0.182,8.0
82,25-26-prem-liverpool-vs-afc-bournemouth,90,2,0,3,0.91,0.02,2,1,1,4,37,7,0.0,0.0,2,0,0.0,2,0.0,1,1,3,0,0,0,0,8,11,3,0.0,5,0.0,1,2,0,0,0.0,0.0,0,0,0,,0,0,0,0,0.0,0.0,0.75,1,0,94,4,0,0,33.8,10.3,3.1,6.9,0.31,10.0
384,25-26-prem-liverpool-vs-afc-bournemouth,90,1,0,3,0.2,0.44,2,2,0,7,57,21,0.0,3.0,2,1,0.0,1,0.0,1,0,6,0,1,1,0,12,11,6,0.0,6,0.0,3,1,0,0,0.0,0.0,0,0,0,,0,0,0,0,0.0,0.0,0.55,1,0,94,2,0,0,31.5,10.3,3.4,6.6,0.312,12.0
661,25-26-prem-liverpool-vs-afc-bournemouth,72,1,1,4,1.14,0.02,2,1,1,4,33,14,0.0,2.0,1,0,0.0,1,0.0,0,0,0,0,1,1,0,5,6,1,0.0,4,0.0,0,1,0,0,0.0,0.0,0,0,0,,0,0,0,0,0.0,0.0,0.66,0,0,72,1,0,0,33.6,8.7,2.1,6.3,0.237,10.0
381,25-26-prem-liverpool-vs-afc-bournemouth,90,1,0,3,0.26,0.11,2,1,0,9,50,18,0.0,2.0,3,1,0.0,3,0.0,0,0,9,1,0,0,0,2,3,2,0.0,0,0.0,1,0,0,0,0.0,0.0,0,0,0,,0,0,0,0,0.0,0.0,0.71,0,0,94,2,0,0,32.9,9.7,3.3,6.0,0.31,17.0
373,25-26-prem-liverpool-vs-afc-bournemouth,90,0,0,2,0.18,0.01,1,0,1,4,100,63,0.0,0.0,9,0,0.0,3,0.0,0,2,4,1,17,14,0,13,1,1,0.0,12,0.0,0,0,0,0,0.0,0.0,0,0,0,,0,0,0,0,0.0,0.0,0.05,1,0,94,2,0,0,29.9,9.0,3.4,5.4,0.168,8.0
84,25-26-prem-liverpool-vs-afc-bournemouth,90,0,0,2,0.32,0.06,1,3,1,8,65,27,0.0,1.0,5,0,0.0,2,0.0,3,1,10,0,6,2,0,8,5,7,0.0,1,0.0,1,0,0,0,0.0,0.0,0,0,0,,0,0,0,0,0.0,0.0,0.07,3,0,94,4,0,0,31.9,11.5,3.1,8.1,0.353,17.0
386,25-26-prem-liverpool-vs-afc-bournemouth,72,0,1,1,0.03,0.02,1,0,0,2,61,40,0.0,1.0,3,0,0.0,0,0.0,2,1,2,0,0,0,1,5,5,4,0.0,1,0.0,1,2,0,0,0.0,0.0,0,0,0,,0,0,0,0,0.0,0.0,0.12,3,0,72,1,0,0,30.1,8.5,2.2,6.2,0.101,5.0
86,25-26-prem-liverpool-vs-afc-bournemouth,84,0,1,2,0.19,0.19,0,2,0,6,34,12,0.0,3.0,2,2,0.0,0,0.0,2,0,5,0,0,0,4,4,7,4,0.0,0,0.0,0,1,0,0,0.0,0.0,0,0,0,,0,0,0,0,0.0,0.0,0.0,2,0,84,2,0,0,32.8,9.6,2.8,6.3,0.596,26.0
392,25-26-prem-liverpool-vs-afc-bournemouth,31,0,1,0,0.0,0.0,0,0,0,0,22,16,0.0,1.0,3,0,0.0,2,0.0,1,0,0,0,1,1,1,3,1,2,0.0,1,0.0,0,0,0,0,0.0,0.0,0,0,0,,0,0,0,0,0.0,0.0,0.0,2,60,94,2,0,0,30.6,4.0,1.2,2.7,0.141,3.0
370,25-26-prem-liverpool-vs-afc-bournemouth,60,0,0,1,0.01,0.01,0,1,0,0,28,12,0.0,0.0,1,0,0.0,0,0.0,1,1,1,0,2,0,1,3,1,3,0.0,0,0.0,1,0,0,0,0.0,0.0,0,0,0,,0,0,0,0,0.0,0.0,0.0,1,0,60,0,0,0,36.1,6.5,1.9,4.1,0.549,20.0
382,25-26-prem-liverpool-vs-afc-bournemouth,82,0,0,1,0.14,0.28,0,0,0,5,73,38,0.0,3.0,12,2,0.0,4,0.0,2,0,6,0,1,1,2,3,7,3,0.0,0,0.0,1,0,0,0,0.0,0.0,0,0,0,,0,0,0,0,0.0,0.0,0.0,2,0,82,2,0,0,32.7,11.0,2.3,8.3,0.411,23.0
93,25-26-prem-liverpool-vs-afc-bournemouth,17,0,1,0,0.0,0.0,0,0,0,0,7,2,0.0,1.0,0,0,0.0,0,0.0,0,0,2,0,1,1,0,1,3,1,0.0,0,0.0,0,0,0,0,0.0,0.0,0,0,0,,0,0,0,0,0.0,0.0,0.0,1,74,94,2,0,0,31.8,2.5,0.725,1.7,0.06,3.0
371,25-26-prem-liverpool-vs-afc-bournemouth,60,0,0,0,0.0,0.01,0,0,0,0,48,27,0.0,0.0,4,0,0.0,3,0.0,1,0,5,0,5,2,1,4,6,2,0.0,2,0.0,1,1,0,0,0.0,0.0,0,0,0,,0,0,0,0,0.0,0.0,0.0,1,0,60,0,0,0,30.0,6.9,2.1,4.6,0.215,11.0
387,25-26-prem-liverpool-vs-afc-bournemouth,90,0,0,3,0.1,0.09,1,1,0,3,97,66,0.0,2.0,8,0,0.0,4,0.0,4,0,5,0,2,2,1,6,5,6,0.0,0,0.0,1,2,0,0,0.0,0.0,0,0,0,,0,0,0,0,0.0,0.0,0.11,4,0,94,2,0,0,30.7,11.5,3.0,8.0,0.525,24.0
90,25-26-prem-liverpool-vs-afc-bournemouth,74,0,0,0,0.0,0.0,0,2,0,1,34,19,0.0,0.0,1,0,0.0,0,0.0,0,1,2,0,0,0,0,6,4,4,0.0,2,0.0,2,1,0,0,0.0,0.0,0,0,0,,0,0,0,0,0.0,0.0,0.0,0,0,74,2,0,0,28.8,9.4,1.9,7.3,0.171,14.0
374,25-26-prem-liverpool-vs-afc-bournemouth,90,0,0,0,0.0,0.0,0,2,0,0,46,29,0.0,0.0,2,0,0.0,0,0.0,0,0,5,1,6,5,0,2,2,2,0.0,0,0.0,0,0,0,0,0.0,0.0,0,0,0,,0,0,0,0,0.0,0.0,0.0,0,0,94,2,0,0,33.1,9.8,3.2,6.5,0.19,9.0
388,25-26-prem-liverpool-vs-afc-bournemouth,19,0,0,0,0.0,0.04,0,0,0,0,12,9,0.0,1.0,2,0,0.0,1,0.0,0,0,1,0,0,0,0,2,2,0,0.0,2,0.0,0,0,0,0,0.0,0.0,0,0,0,,0,0,0,0,0.0,0.0,0.0,0,72,94,1,0,0,32.0,2.9,0.855,1.9,0.168,5.0
376,25-26-prem-liverpool-vs-afc-bournemouth,19,0,0,0,0.0,0.0,0,0,0,0,15,6,0.0,0.0,3,0,0.0,0,0.0,0,0,1,0,1,1,0,0,0,0,0.0,0,0.0,0,0,0,0,0.0,0.0,0,0,0,,0,0,0,0,0.0,0.0,0.0,0,72,94,1,0,0,28.1,2.6,0.835,1.7,0.041,3.0
85,25-26-prem-liverpool-vs-afc-bournemouth,89,0,0,0,0.0,0.1,0,0,0,2,58,28,0.0,0.0,3,0,0.0,1,0.0,0,4,6,1,3,0,3,6,5,5,0.0,1,0.0,0,1,0,0,0.0,0.0,0,0,0,,0,0,0,0,0.0,0.0,0.0,5,0,91,3,0,0,31.6,10.8,2.9,7.5,0.437,19.0
372,25-26-prem-liverpool-vs-afc-bournemouth,31,0,0,0,0.0,0.04,0,0,0,1,18,6,0.0,0.0,1,1,0.0,0,0.0,0,0,0,0,2,1,1,1,2,0,0.0,1,0.0,0,0,0,0,0.0,0.0,0,0,0,,0,0,0,0,0.0,0.0,0.0,0,60,94,2,0,0,32.3,3.9,1.1,2.6,0.164,7.0
97,25-26-prem-liverpool-vs-afc-bournemouth,90,0,0,3,0.29,0.0,0,0,0,4,22,9,0.0,0.0,1,0,0.0,0,0.0,0,0,2,0,3,3,0,3,8,0,0.0,3,0.0,0,1,0,0,0.0,0.0,0,0,0,,0,0,0,0,0.0,0.0,0.0,0,0,94,4,0,0,31.5,10.2,2.8,7.0,0.35,19.0
67,25-26-prem-liverpool-vs-afc-bournemouth,90,0,0,0,0.0,0.0,0,0,0,0,52,22,0.0,0.0,7,0,0.0,12,0.0,0,0,8,0,4,0,0,0,0,0,0.0,0,0.0,0,0,6,4,3.05,-0.95,2,22,12,,2,0,0,0,0.0,0.0,0.0,0,0,94,4,0,0,22.8,5.1,3.6,1.4,0.0,0.0
685,25-26-prem-liverpool-vs-afc-bournemouth,90,0,0,0,0.0,0.0,0,0,0,0,59,30,0.0,0.0,6,0,0.0,1,0.0,2,1,8,0,6,1,0,4,2,3,0.0,1,0.0,1,0,0,0,0.0,0.0,0,0,0,,0,0,0,0,0.0,0.0,0.0,2,0,94,4,0,0,32.0,9.8,3.0,6.6,0.221,10.0
366,25-26-prem-liverpool-vs-afc-bournemouth,90,0,0,0,0.0,0.01,0,0,0,0,46,33,0.0,0.0,7,0,0.0,7,0.0,0,0,7,0,2,0,0,0,0,0,0.0,0,0.0,0,0,1,2,0.81,-1.19,0,33,7,,1,0,0,0,0.0,0.0,0.0,0,0,94,2,0,0,24.5,5.4,4.1,1.3,0.003,0.0
73,25-26-prem-liverpool-vs-afc-bournemouth,90,0,0,0,0.0,0.08,0,0,0,2,48,16,0.0,1.0,6,0,0.0,3,0.0,0,1,2,0,7,1,0,5,6,2,0.0,3,0.0,1,1,0,0,0.0,0.0,0,0,0,,0,0,0,0,0.0,0.0,0.0,1,0,90,3,0,0,33.5,9.9,2.8,6.7,0.387,17.0
72,25-26-prem-liverpool-vs-afc-bournemouth,90,0,0,0,0.0,0.05,0,0,0,1,52,21,0.0,1.0,10,1,0.0,3,0.0,2,1,2,0,11,3,1,4,5,3,0.0,1,0.0,0,1,0,0,0.0,0.0,0,0,0,,0,0,0,0,0.0,0.0,0.0,3,0,94,4,0,0,31.2,9.7,2.8,6.7,0.18,7.0
74,25-26-prem-liverpool-vs-afc-bournemouth,90,0,0,0,0.0,0.13,0,0,0,0,41,14,0.0,1.0,0,2,0.0,0,0.0,2,0,4,1,3,1,0,3,5,2,0.0,1,0.0,0,2,0,0,0.0,0.0,0,0,0,,0,0,0,0,0.0,0.0,0.0,2,0,94,4,0,0,31.8,10.6,2.8,7.1,0.66,25.0
385,25-26-prem-liverpool-vs-afc-bournemouth,9,1,0,1,0.16,0.0,1,0,0,1,7,3,0.0,0.0,0,0,0.0,0,0.0,1,0,0,0,0,0,0,2,0,2,0.0,0,0.0,1,0,0,0,0.0,0.0,0,0,0,,0,0,0,0,0.0,0.0,0.86,1,82,94,0,0,0,32.6,1.8,0.443,1.3,0.068,4.0
77,25-26-prem-liverpool-vs-afc-bournemouth,1,0,0,0,0.0,0.0,0,0,0,0,6,1,0.0,0.0,1,0,0.0,0,0.0,0,1,0,0,1,1,0,0,0,0,0.0,0,0.0,0,0,0,0,0.0,0.0,0,0,0,,0,0,0,0,0.0,0.0,0.0,0,90,94,1,0,0,28.1,0.67,0.177,0.447,0.046,3.0
100,25-26-prem-liverpool-vs-afc-bournemouth,1,0,0,0,0.0,0.0,0,0,0,0,2,1,0.0,0.0,0,0,0.0,0,0.0,0,0,0,0,0,0,0,0,1,0,0.0,0,0.0,0,0,0,0,0.0,0.0,0,0,0,,0,0,0,0,0.0,0.0,0.0,0,91,94,1,0,0,29.2,0.764,0.161,0.562,0.041,3.0
96,25-26-prem-liverpool-vs-afc-bournemouth,7,0,0,0,0.0,0.0,0,0,0,0,2,0,0.0,0.0,1,0,0.0,0,0.0,0,0,0,0,0,0,0,0,1,0,0.0,0,0.0,0,0,0,0,0.0,0.0,0,0,0,,0,0,0,0,0.0,0.0,0.0,0,84,94,2,0,0,27.7,1.5,0.347,1.1,0.012,1.0
146,25-26-prem-brighton-hove-albion-vs-fulham,90,0,0,1,0.09,0.0,0,1,0,1,104,86,0.0,0.0,5,0,0.0,4,0.0,1,0,5,0,7,2,0,9,0,4,0.0,5,0.0,2,0,0,0,0.0,0.0,0,0,0,,0,0,0,0,0.0,0.0,0.0,1,0,97,1,0,0,28.0,9.5,3.0,6.4,0.067,4.0
322,25-26-prem-brighton-hove-albion-vs-fulham,90,0,0,0,0.0,0.01,0,0,0,0,51,33,0.0,0.0,3,0,0.0,5,0.0,2,1,5,0,3,1,1,7,2,6,0.0,1,0.0,3,1,0,0,0.0,0.0,0,0,0,,0,0,0,0,0.0,0.0,0.0,3,0,97,1,0,0,32.4,9.7,3.3,6.2,0.188,9.0
317,25-26-prem-brighton-hove-albion-vs-fulham,90,0,0,0,0.0,0.01,0,1,0,2,66,43,0.0,0.0,7,0,0.0,5,0.0,2,1,1,0,4,2,0,7,2,5,0.0,2,0.0,2,1,0,0,0.0,0.0,0,0,0,,0,0,0,0,0.0,0.0,0.0,3,0,97,1,0,0,30.2,9.9,3.0,6.8,0.092,3.0
173,25-26-prem-brighton-hove-albion-vs-fulham,90,0,0,1,0.02,0.02,1,0,0,3,66,30,0.0,0.0,6,0,0.0,5,0.0,3,1,5,0,7,2,1,9,6,5,0.0,4,0.0,0,1,0,0,0.0,0.0,0,0,0,,0,0,0,0,0.0,0.0,0.03,5,0,97,1,0,0,30.7,10.6,3.0,7.3,0.256,13.0
151,25-26-prem-brighton-hove-albion-vs-fulham,90,0,0,0,0.0,0.13,0,0,0,0,92,77,0.0,0.0,14,0,0.0,11,0.0,1,0,4,1,6,5,0,4,0,2,0.0,2,0.0,1,0,0,0,0.0,0.0,0,0,0,,0,0,0,0,0.0,0.0,0.0,1,0,97,1,0,0,29.0,9.4,2.8,6.5,0.065,4.0
166,25-26-prem-brighton-hove-albion-vs-fulham,90,0,0,0,0.0,0.12,0,0,0,1,56,39,0.0,0.0,4,0,0.0,3,0.0,1,2,6,0,1,0,1,5,4,5,0.0,0,0.0,4,0,0,0,0.0,0.0,0,0,0,,0,0,0,0,0.0,0.0,0.0,1,0,97,1,0,0,31.3,11.7,2.8,8.8,0.204,7.0
167,25-26-prem-brighton-hove-albion-vs-fulham,69,0,0,1,0.02,0.01,0,0,0,0,34,18,0.0,1.0,2,0,0.0,3,0.0,0,3,6,0,1,0,1,3,3,3,0.0,0,0.0,2,2,0,0,0.0,0.0,0,0,0,,0,0,0,0,0.0,0.0,0.0,1,0,69,0,0,0,31.5,7.5,2.1,5.2,0.27,13.0
314,25-26-prem-brighton-hove-albion-vs-fulham,90,0,0,0,0.0,0.0,0,0,0,0,60,34,0.0,0.0,5,0,0.0,8,0.0,0,0,10,0,1,0,0,1,0,0,0.0,1,0.0,1,0,3,1,1.02,0.02,0,34,8,,2,0,0,0,0.0,0.0,0.0,0,0,97,1,0,0,21.5,5.3,3.7,1.7,0.0,0.0
525,25-26-prem-nottingham-forest-vs-brentford,79,2,0,2,0.95,0.01,2,1,0,4,16,9,0.0,0.0,1,0,0.0,0,0.0,0,0,2,0,0,0,1,2,4,1,0.0,1,0.0,0,0,0,0,0.0,0.0,0,0,0,,0,0,0,0,0.0,0.0,1.55,0,0,79,1,0,0,31.1,8.7,2.6,5.9,0.264,16.0
515,25-26-prem-nottingham-forest-vs-brentford,84,0,1,3,0.38,0.28,0,2,1,5,71,43,0.0,3.0,7,2,0.0,1,0.0,1,0,2,1,0,0,0,6,3,4,0.0,2,0.0,2,1,0,0,0.0,0.0,0,0,0,,0,0,0,0,0.0,0.0,0.0,1,0,84,1,0,0,30.2,9.8,2.9,6.8,0.076,5.0
517,25-26-prem-nottingham-forest-vs-brentford,90,0,1,3,0.39,0.28,1,0,1,4,93,64,0.0,1.0,12,0,0.0,5,0.0,1,1,8,0,0,0,2,6,7,4,0.0,2,0.0,2,0,0,0,0.0,0.0,0,0,0,,0,0,0,0,0.0,0.0,0.15,2,0,90,1,0,0,26.4,11.3,3.0,8.3,0.031,2.0
507,25-26-prem-nottingham-forest-vs-brentford,90,0,0,0,0.0,0.04,0,1,0,1,75,29,0.0,1.0,6,1,0.0,2,0.0,2,2,8,0,7,5,0,8,7,4,0.0,4,0.0,1,2,0,0,0.0,0.0,0,0,0,,0,0,0,0,0.0,0.0,0.0,3,0,90,1,0,0,32.6,9.3,3.6,5.4,0.306,18.0
516,25-26-prem-nottingham-forest-vs-brentford,90,0,0,1,0.02,0.24,1,2,0,1,52,34,0.0,2.0,0,1,0.0,0,0.0,0,0,0,0,0,0,0,4,4,4,0.0,0,0.0,2,0,0,0,0.0,0.0,0,0,0,,0,0,0,0,0.0,0.0,0.04,0,0,90,1,0,0,30.7,9.4,3.5,5.8,0.165,8.0
505,25-26-prem-nottingham-forest-vs-brentford,90,0,0,0,0.0,0.0,0,0,0,0,33,19,0.0,0.0,4,0,0.0,3,0.0,0,2,2,1,4,1,0,3,2,1,0.0,2,0.0,0,0,0,0,0.0,0.0,0,0,0,,0,0,0,0,0.0,0.0,0.0,1,0,90,1,0,0,30.3,8.8,3.4,5.3,0.108,6.0
597,25-26-prem-tottenham-hotspur-vs-burnley,71,2,0,5,0.78,0.01,3,2,1,7,23,6,0.0,0.0,1,0,0.0,1,0.0,0,0,2,0,3,3,0,5,3,2,0.0,3,0.0,0,1,0,0,0.0,0.0,0,0,0,,0,0,0,0,0.0,0.0,1.83,0,0,71,0,0,0,28.3,7.5,2.5,4.9,0.11,8.0
582,25-26-prem-tottenham-hotspur-vs-burnley,85,0,2,2,0.06,0.58,0,2,0,4,46,22,0.0,5.0,1,5,0.0,3,0.0,1,0,3,0,0,0,0,5,3,5,0.0,0,0.0,2,0,0,0,0.0,0.0,0,0,0,,0,0,0,0,0.0,0.0,0.0,1,0,85,0,0,0,34.0,8.7,2.9,5.3,0.383,16.0
565,25-26-prem-tottenham-hotspur-vs-burnley,90,0,0,0,0.0,0.0,0,0,0,0,55,43,0.0,0.0,0,0,0.0,4,0.0,0,0,7,0,1,0,0,0,0,0,0.0,0,0.0,0,0,4,0,1.07,1.07,0,43,4,,0,0,0,0,0.0,0.0,0.0,0,0,90,0,0,0,21.0,5.7,3.4,2.4,0.0,0.0
593,25-26-prem-tottenham-hotspur-vs-burnley,90,0,1,0,0.0,0.22,0,3,0,1,66,43,0.0,1.0,6,0,0.0,1,0.0,1,0,4,0,4,2,1,10,5,6,0.0,4,0.0,1,0,0,0,0.0,0.0,0,0,0,,0,0,0,0,0.0,0.0,0.0,2,0,90,0,0,0,31.0,10.7,3.1,7.3,0.235,9.0
580,25-26-prem-tottenham-hotspur-vs-burnley,80,1,0,2,0.5,0.06,1,0,0,2,27,13,0.0,2.0,3,1,0.0,0,0.0,1,0,1,0,1,0,1,1,2,1,0.0,0,0.0,0,0,0,0,0.0,0.0,0,0,0,,0,0,0,0,0.0,0.0,0.46,1,0,80,0,0,0,33.2,8.8,2.7,5.8,0.26,14.0
575,25-26-prem-tottenham-hotspur-vs-burnley,90,0,0,2,0.59,0.01,0,0,0,2,82,63,0.0,0.0,0,0,0.0,0,0.0,1,1,4,0,4,2,0,5,3,2,0.0,3,0.0,1,0,0,0,0.0,0.0,0,0,0,,0,0,0,0,0.0,0.0,0.0,1,0,90,0,0,0,35.6,9.1,3.8,5.1,0.292,14.0
568,25-26-prem-tottenham-hotspur-vs-burnley,90,0,0,1,0.02,0.26,0,1,0,0,94,46,0.0,3.0,13,2,0.0,5,0.0,0,0,4,0,2,1,3,4,6,4,0.0,0,0.0,1,2,0,0,0.0,0.0,0,0,0,,0,0,0,0,0.0,0.0,0.0,2,0,90,0,0,0,31.5,10.3,3.1,6.9,0.312,15.0
205,25-26-prem-tottenham-hotspur-vs-burnley,90,0,0,0,0.0,0.28,0,0,0,0,50,30,0.0,5.0,10,1,0.0,6,0.0,1,3,4,0,2,0,3,4,5,4,0.0,0,0.0,1,0,0,0,0.0,0.0,0,0,0,,0,0,0,0,0.0,0.0,0.0,3,0,90,3,0,0,27.6,11.1,2.7,8.3,0.072,5.0
573,25-26-prem-tottenham-hotspur-vs-burnley,90,0,0,2,0.18,0.07,1,1,0,3,62,48,0.0,0.0,10,0,0.0,1,0.0,0,0,2,0,3,3,0,2,2,1,0.0,1,0.0,0,1,0,0,0.0,0.0,0,0,0,,0,0,0,0,0.0,0.0,0.12,0,0,90,0,0,0,34.8,9.5,3.3,5.7,0.484,21.0
21,25-26-prem-manchester-united-vs-arsenal,83,0,0,3,0.13,0.01,0,0,0,1,32,20,0.0,0.0,2,0,0.0,1,0.0,0,0,3,1,0,0,0,0,3,0,0.0,0,0.0,0,1,0,0,0.0,0.0,0,0,0,,0,0,0,0,0.0,0.0,0.0,0,0,83,0,0,0,31.5,9.8,2.5,7.1,0.225,9.0
681,25-26-prem-manchester-united-vs-arsenal,26,0,0,2,0.11,0.06,0,0,0,4,7,4,0.0,2.0,0,0,0.0,1,0.0,0,0,1,0,0,0,0,1,2,0,0.0,1,0.0,0,1,0,0,0.0,0.0,0,0,0,,0,0,0,0,0.0,0.0,0.0,0,65,93,0,0,0,29.3,3.3,0.973,2.2,0.073,4.0
8,25-26-prem-manchester-united-vs-arsenal,20,0,0,0,0.0,0.0,0,0,0,0,18,2,0.0,0.0,2,0,0.0,0,0.0,1,0,1,0,1,1,0,3,6,3,0.0,0,0.0,1,2,0,0,0.0,0.0,0,0,0,,0,0,0,0,0.0,0.0,0.0,2,71,93,0,0,0,28.4,2.5,0.827,1.6,0.052,4.0
531,25-26-prem-sunderland-vs-west-ham-united,90,1,0,4,0.18,0.01,2,0,0,4,49,21,0.0,0.0,7,0,0.0,3,0.0,1,0,4,4,9,7,0,10,3,4,0.0,6,0.0,4,0,0,0,0.0,0.0,0,0,0,,0,0,0,0,0.0,0.0,0.78,1,0,93,0,0,0,24.9,9.4,3.0,6.4,0.028,1.0
532,25-26-prem-sunderland-vs-west-ham-united,90,0,0,0,0.0,0.09,0,1,0,1,60,26,0.0,1.0,9,1,0.0,2,0.0,1,1,3,0,3,2,1,8,5,4,0.0,4,0.0,1,1,0,0,0.0,0.0,0,0,0,,0,0,0,0,0.0,0.0,0.0,2,0,93,0,0,0,28.0,10.3,3.2,6.9,0.151,7.0
553,25-26-prem-sunderland-vs-west-ham-united,89,0,1,0,0.0,0.01,0,0,0,1,31,23,0.0,1.0,1,1,0.0,0,0.0,0,0,1,0,0,0,1,1,4,1,0.0,0,0.0,0,0,0,0,0.0,0.0,0,0,0,,0,0,0,0,0.0,0.0,0.0,1,0,93,0,0,0,0.0,0.0,0.0,0.0,0.0,0.0
610,25-26-prem-sunderland-vs-west-ham-united,90,0,0,0,0.0,0.07,0,3,0,4,97,55,0.0,1.0,6,2,0.0,1,0.0,1,1,6,0,1,1,0,5,1,5,0.0,0,0.0,1,0,0,0,0.0,0.0,0,0,0,,0,0,0,0,0.0,0.0,0.0,1,0,93,3,0,0,31.4,9.8,3.1,6.3,0.376,15.0
129,25-26-prem-nottingham-forest-vs-brentford,90,0,0,1,0.08,0.01,1,0,0,0,38,23,0.0,1.0,4,0,0.0,1,0.0,0,0,9,0,0,0,1,1,6,0,0.0,1,0.0,0,3,0,0,0.0,0.0,0,0,0,,0,0,0,0,0.0,0.0,0.16,0,0,90,3,0,0,30.6,11.1,3.0,7.9,0.206,12.0
101,25-26-prem-nottingham-forest-vs-brentford,90,0,0,0,0.0,0.0,0,0,0,0,47,14,0.0,0.0,8,0,0.0,3,0.0,0,0,14,0,4,0,0,0,1,0,0.0,0,0.0,0,0,2,3,2.43,-0.57,1,14,3,,0,0,0,0,0.0,0.0,0.0,0,0,90,3,0,0,26.7,5.4,4.0,1.3,0.007,1.0
522,25-26-prem-nottingham-forest-vs-brentford,7,0,0,0,0.0,0.01,0,1,0,1,9,5,0.0,0.0,0,0,0.0,0,0.0,0,1,3,0,1,1,0,4,1,2,0.0,2,0.0,1,0,0,0,0.0,0.0,0,0,0,,0,0,0,0,0.0,0.0,0.0,0,84,90,0,0,0,29.2,1.4,0.37,0.97,0.027,1.0
116,25-26-prem-nottingham-forest-vs-brentford,3,0,0,0,0.0,0.0,0,0,0,0,8,0,0.0,0.0,1,0,0.0,0,0.0,0,0,0,0,1,1,1,4,2,3,0.0,1,0.0,2,1,0,0,0.0,0.0,0,0,0,,0,0,0,0,0.0,0.0,0.0,1,88,90,0,0,0,28.1,0.876,0.211,0.622,0.043,2.0
33,25-26-prem-aston-villa-vs-newcastle-united,90,0,0,0,0.0,0.0,0,0,0,0,52,20,0.0,0.0,3,0,0.0,5,0.0,0,0,12,0,1,0,0,0,0,0,0.0,0,0.0,0,0,3,0,0.64,0.64,3,20,5,,3,0,0,0,0.0,0.0,0.0,0,0,90,0,0,0,20.7,5.4,4.1,1.4,0.0,0.0
469,25-26-prem-aston-villa-vs-newcastle-united,90,0,0,0,0.0,0.0,0,0,0,0,36,11,0.0,0.0,3,0,0.0,2,0.0,0,0,16,0,1,0,0,1,0,0,0.0,1,0.0,0,0,3,0,0.2,0.2,3,11,2,,3,0,0,0,0.0,0.0,0.0,0,0,90,0,0,0,23.2,5.3,3.7,1.6,0.0,0.0
58,25-26-prem-aston-villa-vs-newcastle-united,90,0,0,1,0.05,0.03,1,1,1,1,53,32,0.0,0.0,7,0,0.0,2,0.0,1,1,6,0,2,1,0,10,3,6,0.0,4,0.0,3,1,0,0,0.0,0.0,0,0,0,,0,0,0,0,0.0,0.0,0.03,2,0,90,0,0,0,30.1,10.2,2.8,7.2,0.125,7.0
59,25-26-prem-aston-villa-vs-newcastle-united,90,0,0,0,0.0,0.01,0,2,0,0,58,36,0.0,0.0,7,0,0.0,2,0.0,1,2,7,1,2,2,1,7,2,6,0.0,1,0.0,2,0,0,0,0.0,0.0,0,0,0,,0,0,0,0,0.0,0.0,0.0,2,0,90,0,0,0,31.6,10.5,2.8,7.5,0.168,8.0
477,25-26-prem-aston-villa-vs-newcastle-united,90,0,0,0,0.0,0.03,0,0,0,2,70,51,0.0,2.0,2,0,0.0,1,0.0,2,0,5,0,3,2,0,4,0,3,0.0,1,0.0,1,0,0,0,0.0,0.0,0,0,0,,0,0,0,0,0.0,0.0,0.0,2,0,90,0,0,0,32.3,10.6,2.7,7.5,0.378,15.0
474,25-26-prem-aston-villa-vs-newcastle-united,90,0,0,3,0.04,0.03,0,0,0,0,70,44,0.0,0.0,10,0,0.0,7,0.0,1,4,5,0,6,4,3,8,5,2,0.0,6,0.0,1,2,0,0,0.0,0.0,0,0,0,,0,0,0,0,0.0,0.0,0.0,1,0,90,0,0,0,29.8,9.4,3.2,6.1,0.129,6.0
476,25-26-prem-aston-villa-vs-newcastle-united,90,0,0,0,0.0,0.01,0,0,0,1,67,42,0.0,0.0,4,0,0.0,0,0.0,1,2,5,0,8,2,1,7,4,1,0.0,6,0.0,1,1,0,0,0.0,0.0,0,0,0,,0,0,0,0,0.0,0.0,0.0,1,0,90,0,0,0,31.9,10.0,2.6,7.2,0.199,12.0
478,25-26-prem-aston-villa-vs-newcastle-united,90,0,0,0,0.0,0.06,0,0,0,0,71,48,0.0,1.0,7,2,0.0,3,0.0,0,3,4,0,1,0,1,1,2,0,0.0,1,0.0,0,1,0,0,0.0,0.0,0,0,0,,0,0,0,0,0.0,0.0,0.0,0,0,90,0,0,0,31.9,10.4,2.8,7.4,0.162,9.0
491,25-26-prem-aston-villa-vs-newcastle-united,90,0,0,0,0.0,0.18,0,0,0,0,72,48,0.0,2.0,10,0,0.0,2,0.0,2,1,5,0,1,0,2,3,4,2,0.0,1,0.0,1,1,0,0,0.0,0.0,0,0,0,,0,0,0,0,0.0,0.0,0.0,2,0,90,0,0,0,32.6,11.3,2.9,8.3,0.204,7.0
486,25-26-prem-aston-villa-vs-newcastle-united,78,0,0,2,0.57,0.06,1,1,1,5,39,18,0.0,2.0,1,1,0.0,0,0.0,0,0,3,0,0,0,0,5,2,4,0.0,1,0.0,3,0,0,0,0.0,0.0,0,0,0,,0,0,0,0,0.0,0.0,0.39,0,0,78,0,0,0,35.3,8.5,2.5,5.5,0.457,23.0
36,25-26-prem-aston-villa-vs-newcastle-united,90,0,0,0,0.0,0.0,0,0,0,1,42,10,0.0,0.0,4,0,0.0,1,0.0,1,1,2,5,3,3,0,4,3,4,0.0,0,0.0,2,1,0,0,0.0,0.0,0,0,0,,0,0,0,0,0.0,0.0,0.0,2,0,90,0,0,0,31.9,10.2,2.9,7.0,0.254,12.0
487,25-26-prem-aston-villa-vs-newcastle-united,90,0,0,3,0.23,0.33,0,0,0,9,45,22,0.0,4.0,4,3,0.0,1,0.0,0,0,3,0,1,0,0,2,3,2,0.0,0,0.0,2,1,0,0,0.0,0.0,0,0,0,,0,0,0,0,0.0,0.0,0.0,0,0,90,0,0,0,30.8,9.5,3.3,6.0,0.23,14.0
37,25-26-prem-aston-villa-vs-newcastle-united,90,0,0,0,0.0,0.01,0,0,0,0,49,18,0.0,0.0,4,1,0.0,1,0.0,1,2,3,0,3,1,1,3,6,2,0.0,1,0.0,0,2,0,0,0.0,0.0,0,0,0,,0,0,0,0,0.0,0.0,0.0,2,0,90,0,0,0,31.4,10.6,3.6,6.8,0.219,12.0
40,25-26-prem-aston-villa-vs-newcastle-united,90,0,0,0,0.0,0.0,0,0,0,0,49,35,0.0,0.0,6,0,0.0,2,0.0,0,1,2,1,3,0,0,1,1,0,0.0,1,0.0,1,0,0,0,0.0,0.0,0,0,0,,0,0,0,0,0.0,0.0,0.0,0,0,90,0,0,0,33.7,9.7,3.1,6.4,0.17,9.0
488,25-26-prem-aston-villa-vs-newcastle-united,90,0,0,0,0.0,0.1,0,0,0,1,58,41,0.0,1.0,4,0,0.0,4,0.0,1,1,5,0,0,0,1,3,6,2,0.0,1,0.0,0,2,0,0,0.0,0.0,0,0,0,,0,0,0,0,0.0,0.0,0.0,2,0,90,0,0,0,27.9,11.4,2.9,8.5,0.064,4.0
64,25-26-prem-aston-villa-vs-newcastle-united,90,0,0,1,0.12,0.01,1,3,0,6,30,9,0.0,1.0,1,0,0.0,1,0.0,0,1,3,0,1,1,0,6,7,5,0.0,1,0.0,2,1,0,0,0.0,0.0,0,0,0,,0,0,0,0,0.0,0.0,0.1,0,0,90,0,0,0,32.5,10.4,3.2,7.0,0.285,15.0
490,25-26-prem-aston-villa-vs-newcastle-united,83,0,0,0,0.0,0.02,0,0,0,3,39,21,0.0,0.0,2,0,0.0,0,0.0,1,1,5,0,1,0,0,5,6,4,0.0,1,0.0,2,1,0,0,0.0,0.0,0,0,0,,0,0,0,0,0.0,0.0,0.0,2,0,83,0,0,0,29.2,9.2,2.4,6.6,0.183,10.0
47,25-26-prem-aston-villa-vs-newcastle-united,90,0,0,0,0.0,0.05,0,2,0,2,33,10,0.0,1.0,5,0,0.0,2,0.0,0,1,5,0,0,0,0,3,7,3,0.0,0,0.0,0,1,0,0,0.0,0.0,0,0,0,,0,0,0,0,0.0,0.0,0.0,1,0,90,0,0,0,31.8,11.0,2.9,7.9,0.155,8.0
48,25-26-prem-aston-villa-vs-newcastle-united,90,0,0,0,0.0,0.01,0,0,0,0,31,14,0.0,0.0,3,0,0.0,0,0.0,1,1,2,0,2,0,0,3,5,2,0.0,1,0.0,0,4,0,0,0.0,0.0,0,0,0,,0,0,0,0,0.0,0.0,0.0,2,0,90,0,0,0,32.2,11.0,2.8,8.0,0.212,8.0
54,25-26-prem-aston-villa-vs-newcastle-united,84,0,0,0,0.0,0.09,0,1,0,3,34,13,0.0,1.0,1,2,0.0,0,0.0,0,0,7,0,0,0,0,1,6,1,0.0,0,0.0,0,2,0,0,0.0,0.0,0,0,0,,0,0,0,0,0.0,0.0,0.0,0,0,84,0,0,0,32.2,8.5,2.6,5.7,0.153,7.0
485,25-26-prem-aston-villa-vs-newcastle-united,90,0,0,7,0.55,0.03,2,1,1,7,39,13,0.0,1.0,4,0,0.0,1,0.0,0,0,4,0,0,0,1,3,7,2,0.0,1,0.0,1,2,0,0,0.0,0.0,0,0,0,,0,0,0,0,0.0,0.0,0.25,0,0,90,0,0,0,35.5,9.9,3.6,5.8,0.503,23.0
489,25-26-prem-aston-villa-vs-newcastle-united,13,0,0,0,0.0,0.01,0,0,0,2,14,9,0.0,0.0,0,0,0.0,0,0.0,0,0,2,0,0,0,0,1,1,1,0.0,0,0.0,1,0,0,0,0.0,0.0,0,0,0,,0,0,0,0,0.0,0.0,0.0,0,78,90,0,0,0,27.2,2.2,0.713,1.4,0.04,2.0
38,25-26-prem-aston-villa-vs-newcastle-united,66,0,0,0,0.0,0.01,0,0,0,0,39,30,0.0,0.0,5,0,0.0,1,0.0,0,0,1,0,3,2,0,2,2,1,0.0,1,0.0,1,1,0,0,0.0,0.0,0,0,0,,0,0,0,0,0.0,0.0,0.0,0,0,90,0,0,0,33.4,6.8,2.1,4.6,0.11,4.0
53,25-26-prem-aston-villa-vs-newcastle-united,7,0,0,1,0.03,0.0,1,0,0,1,2,0,0.0,0.0,0,0,0.0,0,0.0,0,0,0,0,0,0,0,0,1,0,0.0,0,0.0,0,0,0,0,0.0,0.0,0,0,0,,0,0,0,0,0.0,0.0,0.08,0,84,90,0,0,0,30.3,1.6,0.39,1.2,0.05,3.0
500,25-26-prem-aston-villa-vs-newcastle-united,1,0,0,1,0.03,0.02,0,0,0,2,3,1,0.0,0.0,0,0,0.0,0,0.0,0,0,0,0,0,0,0,0,0,0,0.0,0,0.0,0,0,0,0,0.0,0.0,0,0,0,,0,0,0,0,0.0,0.0,0.0,0,90,90,0,0,0,34.3,0.859,0.224,0.505,0.13,6.0
497,25-26-prem-aston-villa-vs-newcastle-united,8,0,0,0,0.0,0.01,0,0,0,1,11,7,0.0,1.0,4,0,0.0,0,0.0,0,0,1,0,0,0,0,0,0,0,0.0,0,0.0,0,0,0,0,0.0,0.0,0,0,0,,0,0,0,0,0.0,0.0,0.0,0,83,90,0,0,0,31.8,1.7,0.302,1.4,0.026,1.0
164,25-26-prem-brighton-hove-albion-vs-fulham,88,1,0,1,0.79,0.14,1,0,0,5,36,17,0.0,3.0,3,3,0.0,0,0.0,1,0,0,0,0,0,2,3,4,3,0.0,0,0.0,0,1,0,0,0.0,0.0,0,0,0,,0,0,0,0,0.0,0.0,0.75,3,0,88,0,1,0,31.5,11.0,2.4,8.3,0.226,11.0
321,25-26-prem-brighton-hove-albion-vs-fulham,84,0,0,0,0.0,0.01,0,0,0,2,60,50,0.0,0.0,2,0,0.0,1,0.0,1,0,4,0,2,1,1,2,1,1,0.0,1,0.0,0,0,0,0,0.0,0.0,0,0,0,,0,0,0,0,0.0,0.0,0.0,1,0,84,1,0,0,28.6,8.0,2.5,5.4,0.101,4.0
318,25-26-prem-brighton-hove-albion-vs-fulham,90,0,0,0,0.0,0.01,0,1,0,0,79,43,0.0,0.0,9,0,0.0,3,0.0,1,0,4,0,2,2,1,6,6,4,0.0,2,0.0,1,1,0,0,0.0,0.0,0,0,0,,0,0,0,0,0.0,0.0,0.0,2,0,97,1,0,0,32.4,9.8,3.0,6.5,0.312,15.0
338,25-26-prem-brighton-hove-albion-vs-fulham,25,1,0,1,0.15,0.0,1,0,0,1,7,0,0.0,0.0,4,0,0.0,0,0.0,0,0,0,0,0,0,0,0,5,0,0.0,0,0.0,0,1,0,0,0.0,0.0,0,0,0,,0,0,0,0,0.0,0.0,0.5,0,66,97,0,0,0,28.1,3.1,1.1,2.0,0.044,2.0
324,25-26-prem-brighton-hove-albion-vs-fulham,66,0,0,1,0.01,0.28,0,1,0,0,37,18,0.0,3.0,3,2,0.0,2,0.0,0,0,2,0,0,0,0,2,3,2,0.0,0,0.0,1,0,0,0,0.0,0.0,0,0,0,,0,0,0,0,0.0,0.0,0.0,0,0,66,1,0,0,29.8,7.1,2.2,4.7,0.216,13.0
335,25-26-prem-brighton-hove-albion-vs-fulham,77,0,0,1,0.18,0.13,1,0,0,6,39,22,0.0,1.0,3,0,0.0,0,0.0,1,0,6,0,0,0,0,5,4,5,0.0,0,0.0,2,0,0,0,0.0,0.0,0,0,0,,0,0,0,0,0.0,0.0,0.23,3,0,77,1,0,0,29.7,9.3,2.2,6.9,0.177,9.0
329,25-26-prem-brighton-hove-albion-vs-fulham,90,0,0,1,0.07,0.02,0,1,0,4,32,14,0.0,0.0,5,1,0.0,3,0.0,0,0,4,0,1,0,0,5,2,5,0.0,0,0.0,3,0,0,0,0.0,0.0,0,0,0,,0,0,0,0,0.0,0.0,0.0,1,0,97,1,0,0,31.7,10.4,3.6,6.6,0.258,14.0
160,25-26-prem-brighton-hove-albion-vs-fulham,69,0,0,1,0.09,0.02,0,2,0,5,31,11,0.0,0.0,0,0,0.0,0,0.0,0,1,3,0,0,0,0,3,2,3,0.0,0,0.0,1,0,0,0,0.0,0.0,0,0,0,,0,0,0,0,0.0,0.0,0.0,0,0,69,0,0,0,32.5,7.3,2.4,4.5,0.352,17.0
169,25-26-prem-brighton-hove-albion-vs-fulham,22,0,0,1,0.03,0.03,1,0,0,0,15,6,0.0,1.0,0,0,0.0,0,0.0,1,1,2,0,0,0,0,3,3,2,0.0,1,0.0,1,2,0,0,0.0,0.0,0,0,0,,0,0,0,0,0.0,0.0,0.04,2,69,97,1,0,0,28.3,3.6,0.945,2.5,0.07,1.0
158,25-26-prem-brighton-hove-albion-vs-fulham,69,0,0,2,0.07,0.0,1,0,0,3,22,2,0.0,0.0,1,0,0.0,0,0.0,1,0,1,0,0,0,0,4,6,3,0.0,1,0.0,2,2,0,0,0.0,0.0,0,0,0,,0,0,0,0,0.0,0.0,0.2,1,0,69,0,0,0,32.9,7.3,2.1,5.0,0.233,11.0
139,25-26-prem-brighton-hove-albion-vs-fulham,90,0,0,0,0.0,0.0,0,0,0,0,45,29,0.0,0.0,5,0,0.0,1,0.0,0,0,6,0,1,0,0,0,0,0,0.0,0,0.0,0,0,1,1,0.73,-0.27,0,29,1,,1,0,0,0,0.0,0.0,0.0,0,0,97,1,0,0,23.8,5.3,3.7,1.6,0.0,0.0
145,25-26-prem-brighton-hove-albion-vs-fulham,90,0,0,0,0.0,0.09,0,0,0,2,50,30,0.0,2.0,5,1,0.0,1,0.0,0,1,3,0,3,2,0,3,7,3,0.0,0,0.0,1,3,0,0,0.0,0.0,0,0,0,,0,0,0,0,0.0,0.0,0.0,2,0,97,1,0,0,30.6,10.3,2.9,7.2,0.184,10.0
332,25-26-prem-brighton-hove-albion-vs-fulham,90,0,0,0,0.0,0.01,0,1,0,1,51,36,0.0,1.0,2,0,0.0,1,0.0,0,0,0,0,2,1,0,5,7,4,0.0,1,0.0,2,5,0,0,0.0,0.0,0,0,0,,0,0,0,0,0.0,0.0,0.0,1,0,97,1,0,0,31.8,11.3,2.7,8.5,0.102,4.0
178,25-26-prem-brighton-hove-albion-vs-fulham,22,0,0,0,0.0,0.0,0,0,0,1,10,4,0.0,0.0,1,0,0.0,0,0.0,0,0,0,0,0,0,0,1,0,1,0.0,0,0.0,0,0,0,0,0.0,0.0,0,0,0,,0,0,0,0,0.0,0.0,0.0,1,69,97,1,0,0,27.0,3.2,1.1,2.2,0.012,1.0
157,25-26-prem-brighton-hove-albion-vs-fulham,83,0,0,1,0.07,0.04,0,1,0,3,27,17,0.0,0.0,1,0,0.0,0,0.0,0,0,0,0,0,0,0,1,6,1,0.0,0,0.0,0,3,0,0,0.0,0.0,0,0,0,,0,0,0,0,0.0,0.0,0.0,0,0,83,0,0,0,32.8,8.9,2.9,5.7,0.23,12.0
331,25-26-prem-brighton-hove-albion-vs-fulham,25,0,0,0,0.0,0.0,0,0,0,0,24,12,0.0,0.0,2,0,0.0,0,0.0,0,0,2,0,0,0,0,3,4,1,0.0,2,0.0,1,1,0,0,0.0,0.0,0,0,0,,0,0,0,0,0.0,0.0,0.0,0,66,97,0,0,0,27.1,3.8,1.0,2.7,0.031,2.0
330,25-26-prem-brighton-hove-albion-vs-fulham,66,0,0,0,0.0,0.01,0,0,0,0,27,21,0.0,0.0,3,0,0.0,0,0.0,1,0,0,1,0,0,0,1,2,1,0.0,0,0.0,0,2,0,0,0.0,0.0,0,0,0,,0,0,0,0,0.0,0.0,0.0,1,0,66,1,0,0,30.9,7.8,1.8,5.9,0.107,6.0
148,25-26-prem-brighton-hove-albion-vs-fulham,22,0,0,0,0.0,0.0,0,0,0,0,10,5,0.0,0.0,0,0,0.0,0,0.0,0,0,0,0,1,1,0,1,3,1,0.0,0,0.0,1,2,0,0,0.0,0.0,0,0,0,,0,0,0,0,0.0,0.0,0.0,0,69,97,1,0,0,25.9,3.4,0.943,2.5,0.004,0.0
325,25-26-prem-brighton-hove-albion-vs-fulham,14,0,0,1,0.09,0.0,0,0,0,0,13,8,0.0,0.0,0,0,0.0,0,0.0,0,0,0,0,0,0,0,0,2,0,0.0,0,0.0,0,0,0,0,0.0,0.0,0,0,0,,0,0,0,0,0.0,0.0,0.0,0,77,97,0,0,0,27.6,2.5,0.69,1.7,0.027,2.0
326,25-26-prem-brighton-hove-albion-vs-fulham,25,0,0,0,0.0,0.0,0,0,0,0,9,4,0.0,0.0,0,0,0.0,0,0.0,0,0,0,0,0,0,0,0,2,0,0.0,0,0.0,0,1,0,0,0.0,0.0,0,0,0,,0,0,0,0,0.0,0.0,0.0,0,66,97,0,0,0,33.5,2.8,1.1,1.7,0.048,2.0
337,25-26-prem-brighton-hove-albion-vs-fulham,66,0,0,2,0.29,0.0,0,0,0,2,20,7,0.0,0.0,1,0,0.0,1,0.0,0,0,0,0,0,0,1,0,8,0,0.0,0,0.0,0,2,0,0,0.0,0.0,0,0,0,,0,0,0,0,0.0,0.0,0.0,0,0,66,1,0,0,31.7,6.5,2.5,3.8,0.12,6.0
170,25-26-prem-brighton-hove-albion-vs-fulham,3,0,0,0,0.0,0.0,0,0,0,0,1,1,0.0,0.0,0,0,0.0,0,0.0,0,0,0,0,0,0,0,0,0,0,0.0,0,0.0,0,0,0,0,0.0,0.0,0,0,0,,0,0,0,0,0.0,0.0,0.0,0,88,97,1,0,0,25.1,1.3,0.299,1.0,0.005,0.0
319,25-26-prem-brighton-hove-albion-vs-fulham,7,0,0,0,0.0,0.0,0,0,0,1,8,4,0.0,0.0,0,0,0.0,0,0.0,0,0,0,0,0,0,0,0,1,0,0.0,0,0.0,0,0,0,0,0.0,0.0,0,0,0,,0,0,0,0,0.0,0.0,0.0,0,84,97,0,0,0,30.1,1.9,0.403,1.4,0.084,3.0
162,25-26-prem-brighton-hove-albion-vs-fulham,8,0,0,1,0.31,0.0,0,0,1,1,5,2,0.0,0.0,0,0,0.0,0,0.0,0,0,1,0,0,0,0,2,0,1,0.0,1,0.0,0,0,0,0,0.0,0.0,0,0,0,,0,0,0,0,0.0,0.0,0.0,1,83,97,1,0,0,32.1,1.8,0.469,1.3,0.075,4.0
586,25-26-prem-tottenham-hotspur-vs-burnley,80,0,0,1,0.12,0.01,1,2,0,1,33,19,0.0,0.0,3,0,0.0,1,0.0,2,0,1,0,1,1,1,4,5,4,0.0,0,0.0,0,1,0,0,0.0,0.0,0,0,0,,0,0,0,0,0.0,0.0,0.2,2,0,80,0,0,0,31.9,10.5,2.4,7.8,0.233,7.0
591,25-26-prem-tottenham-hotspur-vs-burnley,71,0,0,0,0.0,0.05,0,0,0,1,46,38,0.0,0.0,10,0,0.0,2,0.0,1,0,5,0,2,1,1,3,6,1,0.0,2,0.0,0,3,0,0,0.0,0.0,0,0,0,,0,0,0,0,0.0,0.0,0.0,1,0,71,0,0,0,33.0,8.8,2.1,6.6,0.177,6.0
217,25-26-prem-tottenham-hotspur-vs-burnley,74,0,0,2,0.22,0.04,0,2,0,3,25,12,0.0,2.0,1,0,0.0,1,0.0,0,0,1,0,2,2,0,8,7,4,0.0,4,0.0,2,3,0,0,0.0,0.0,0,0,0,,0,0,0,0,0.0,0.0,0.0,0,0,74,3,0,0,33.8,8.4,2.7,5.3,0.385,16.0
569,25-26-prem-tottenham-hotspur-vs-burnley,90,0,0,0,0.0,0.02,0,0,0,3,95,78,0.0,0.0,7,0,0.0,2,0.0,0,0,3,2,3,2,0,5,5,1,0.0,4,0.0,1,3,0,0,0.0,0.0,0,0,0,,0,0,0,0,0.0,0.0,0.0,0,0,90,0,0,0,32.0,8.8,3.5,5.1,0.178,7.0
585,25-26-prem-tottenham-hotspur-vs-burnley,20,0,0,0,0.0,0.0,0,0,0,0,17,14,0.0,0.0,0,0,0.0,0,0.0,1,0,1,0,1,1,0,1,0,1,0.0,0,0.0,0,0,0,0,0.0,0.0,0,0,0,,0,0,0,0,0.0,0.0,0.0,1,71,90,0,0,0,32.0,2.8,0.713,2.0,0.085,3.0
596,25-26-prem-tottenham-hotspur-vs-burnley,19,0,0,1,0.08,0.0,0,0,0,2,7,1,0.0,0.0,0,0,0.0,0,0.0,1,0,0,0,1,1,0,2,0,2,0.0,0,0.0,1,0,0,0,0.0,0.0,0,0,0,,0,0,0,0,0.0,0.0,0.0,1,71,90,0,0,0,31.6,2.5,0.645,1.7,0.118,5.0
207,25-26-prem-tottenham-hotspur-vs-burnley,63,0,0,1,0.03,0.01,0,2,0,2,22,9,0.0,0.0,0,0,0.0,0,0.0,0,0,1,0,0,0,0,5,3,5,0.0,0,0.0,3,0,0,0,0.0,0.0,0,0,0,,0,0,0,0,0.0,0.0,0.0,0,0,63,2,0,0,31.0,7.6,2.1,5.3,0.155,9.0
209,25-26-prem-tottenham-hotspur-vs-burnley,63,0,0,3,0.11,0.13,2,0,0,2,23,8,0.0,1.0,1,0,0.0,0,0.0,0,0,3,0,2,2,1,3,4,2,0.0,1,0.0,1,1,0,0,0.0,0.0,0,0,0,,0,0,0,0,0.0,0.0,0.28,1,0,63,2,0,0,30.8,7.6,1.9,5.5,0.22,10.0
210,25-26-prem-tottenham-hotspur-vs-burnley,17,0,0,0,0.0,0.01,0,1,0,0,8,4,0.0,0.0,0,0,0.0,0,0.0,0,0,1,0,0,0,1,2,1,2,0.0,0,0.0,0,0,0,0,0.0,0.0,0,0,0,,0,0,0,0,0.0,0.0,0.0,1,74,90,0,0,0,33.5,2.5,0.561,1.8,0.143,7.0
588,25-26-prem-tottenham-hotspur-vs-burnley,11,0,0,0,0.0,0.01,0,0,0,0,4,3,0.0,1.0,0,0,0.0,0,0.0,0,0,1,0,0,0,0,0,0,0,0.0,0,0.0,0,0,0,0,0.0,0.0,0,0,0,,0,0,0,0,0.0,0.0,0.0,0,80,90,0,0,0,33.1,1.7,0.353,1.3,0.046,2.0
200,25-26-prem-tottenham-hotspur-vs-burnley,85,0,0,4,0.44,0.36,1,0,0,5,40,15,0.0,2.0,1,1,0.0,0,0.0,0,0,4,0,0,0,0,4,5,3,0.0,1,0.0,3,0,0,0,0.0,0.0,0,0,0,,0,0,0,0,0.0,0.0,0.7,0,0,85,3,0,0,33.4,9.6,2.7,6.7,0.259,14.0
202,25-26-prem-tottenham-hotspur-vs-burnley,28,0,0,0,0.0,0.01,0,1,0,4,15,5,0.0,0.0,1,0,0.0,0,0.0,0,0,1,0,1,1,0,1,3,1,0.0,0,0.0,0,0,0,0,0.0,0.0,0,0,0,,0,0,0,0,0.0,0.0,0.0,0,63,90,1,0,0,31.7,3.4,1.1,2.1,0.18,8.0
192,25-26-prem-tottenham-hotspur-vs-burnley,90,0,0,0,0.0,0.04,0,0,0,1,43,16,0.0,1.0,2,0,0.0,1,0.0,1,2,2,0,3,3,2,3,3,1,0.0,2,0.0,0,1,0,0,0.0,0.0,0,0,0,,0,0,0,0,0.0,0.0,0.0,1,0,90,3,0,0,28.6,9.5,3.2,6.2,0.103,7.0
673,25-26-prem-tottenham-hotspur-vs-burnley,11,0,0,0,0.0,0.0,0,0,0,0,14,11,0.0,0.0,4,0,0.0,0,0.0,0,0,0,0,0,0,0,0,1,0,0.0,0,0.0,0,1,0,0,0.0,0.0,0,0,0,,0,0,0,0,0.0,0.0,0.0,0,80,90,0,0,0,29.0,1.9,0.387,1.4,0.068,4.0
215,25-26-prem-tottenham-hotspur-vs-burnley,17,0,0,0,0.0,0.0,0,0,0,0,4,0,0.0,0.0,1,0,0.0,0,0.0,0,0,0,0,0,0,0,1,1,0,0.0,1,0.0,0,0,0,0,0.0,0.0,0,0,0,,0,0,0,0,0.0,0.0,0.0,0,74,90,0,0,0,30.3,2.4,0.573,1.8,0.048,2.0
470,25-26-prem-tottenham-hotspur-vs-burnley,90,0,0,0,0.0,0.0,0,0,0,0,38,11,0.0,0.0,7,0,0.0,5,0.0,0,0,6,0,0,0,0,0,2,0,0.0,0,0.0,0,0,3,3,2.61,-0.39,0,11,5,,3,0,0,0,0.0,0.0,0.0,0,0,90,3,0,0,19.7,4.8,3.6,1.2,0.0,0.0
676,25-26-prem-tottenham-hotspur-vs-burnley,28,0,0,1,0.05,0.0,0,0,0,1,8,3,0.0,0.0,1,0,0.0,0,0.0,0,0,1,0,0,0,0,1,2,1,0.0,0,0.0,1,1,0,0,0.0,0.0,0,0,0,,0,0,0,0,0.0,0.0,0.0,0,63,90,1,0,0,32.4,3.6,0.869,2.6,0.096,4.0
191,25-26-prem-tottenham-hotspur-vs-burnley,90,0,0,1,0.05,0.0,1,0,0,1,36,18,0.0,0.0,1,0,0.0,1,0.0,0,1,2,1,6,3,2,4,4,1,0.0,3,0.0,1,1,0,0,0.0,0.0,0,0,0,,0,0,0,0,0.0,0.0,0.08,0,0,90,3,0,0,31.8,10.0,3.0,6.8,0.19,8.0
197,25-26-prem-tottenham-hotspur-vs-burnley,74,0,0,1,0.03,0.08,0,1,0,2,22,10,0.0,1.0,3,1,0.0,0,0.0,0,0,1,0,0,0,0,2,0,1,0.0,1,0.0,0,0,0,0,0.0,0.0,0,0,0,,0,0,0,0,0.0,0.0,0.0,0,0,74,3,0,0,32.2,8.8,2.2,6.3,0.304,12.0
187,25-26-prem-tottenham-hotspur-vs-burnley,90,0,0,1,0.01,0.02,0,0,0,0,48,23,0.0,0.0,5,0,0.0,4,0.0,0,1,4,0,4,4,1,4,3,2,0.0,2,0.0,2,0,0,0,0.0,0.0,0,0,0,,0,0,0,0,0.0,0.0,0.0,0,0,90,3,0,0,34.1,9.4,3.3,5.8,0.281,11.0
190,25-26-prem-tottenham-hotspur-vs-burnley,90,0,0,0,0.0,0.0,0,0,0,4,27,17,0.0,0.0,0,0,0.0,0,0.0,0,0,1,0,5,4,1,3,4,0,0.0,3,0.0,0,1,0,0,0.0,0.0,0,0,0,,0,0,0,0,0.0,0.0,0.0,0,0,90,3,0,0,30.7,9.6,2.7,6.8,0.17,11.0
206,25-26-prem-tottenham-hotspur-vs-burnley,6,0,0,0,0.0,0.0,0,0,0,0,1,0,0.0,0.0,0,0,0.0,0,0.0,0,0,0,0,0,0,0,0,0,0,0.0,0,0.0,0,0,0,0,0.0,0.0,0,0,0,,0,0,0,0,0.0,0.0,0.0,0,85,90,0,0,0,29.3,1.2,0.18,0.985,0.061,3.0
584,25-26-prem-tottenham-hotspur-vs-burnley,6,0,0,0,0.0,0.0,0,0,0,0,5,3,0.0,0.0,0,0,0.0,0,0.0,0,0,0,0,0,0,0,0,4,0,0.0,0,0.0,0,2,0,0,0.0,0.0,0,0,0,,0,0,0,0,0.0,0.0,0.0,0,85,90,0,0,0,30.8,1.1,0.197,0.883,0.047,3.0
670,25-26-prem-sunderland-vs-west-ham-united,90,0,0,0,0.0,0.0,0,0,0,0,35,11,0.0,0.0,3,0,0.0,4,0.0,0,0,10,0,3,0,0,2,0,0,0.0,2,0.0,0,0,4,0,0.37,0.37,0,11,4,,1,0,0,0,0.0,0.0,0.0,0,0,93,0,0,0,17.9,5.5,3.9,1.6,0.0,0.0
683,25-26-prem-sunderland-vs-west-ham-united,38,0,1,0,0.0,0.12,0,0,0,0,22,14,0.0,1.0,1,1,0.0,1,0.0,0,1,1,0,3,3,0,3,1,1,0.0,2,0.0,0,0,0,0,0.0,0.0,0,0,0,,0,0,0,0,0.0,0.0,0.0,1,53,93,0,0,0,26.0,4.2,1.6,2.5,0.026,2.0
561,25-26-prem-sunderland-vs-west-ham-united,76,1,0,2,0.09,0.0,1,0,0,4,14,1,0.0,1.0,0,0,0.0,0,0.0,0,0,0,0,0,0,1,3,6,2,0.0,1,0.0,2,0,0,0,0.0,0.0,0,0,0,,0,0,0,0,0.0,0.0,0.46,0,0,76,0,0,0,31.0,8.2,2.6,5.3,0.327,12.0
19,25-26-prem-manchester-united-vs-arsenal,60,0,0,1,0.02,0.01,1,0,0,3,14,3,0.0,1.0,1,0,0.0,0,0.0,1,0,3,0,0,0,0,2,2,2,0.0,0,0.0,1,0,0,0,0.0,0.0,0,0,0,,0,0,0,0,0.0,0.0,0.02,1,0,60,0,0,0,35.5,7.0,2.0,4.5,0.454,18.0
440,25-26-prem-manchester-united-vs-arsenal,55,0,0,0,0.0,0.15,0,0,0,1,25,14,0.0,1.0,1,0,0.0,1,0.0,1,0,2,0,3,0,0,1,0,1,0.0,0,0.0,0,0,0,0,0.0,0.0,0,0,0,,0,0,0,1,0.0,0.0,0.0,1,0,55,1,0,0,31.5,6.6,1.7,4.6,0.284,10.0
119,25-26-prem-manchester-united-vs-arsenal,90,0,0,5,0.42,0.05,2,1,0,6,54,24,0.0,1.0,1,1,0.0,1,0.0,0,0,5,0,1,0,0,4,5,4,0.0,0,0.0,3,1,0,0,0.0,0.0,0,0,0,,0,0,0,0,0.0,0.0,0.45,0,0,93,1,0,0,31.9,10.2,3.2,6.6,0.411,20.0
455,25-26-prem-manchester-united-vs-arsenal,65,0,0,2,0.12,0.15,0,0,0,6,33,20,0.0,2.0,6,0,0.0,4,0.0,1,0,2,0,0,0,0,2,2,1,0.0,1,0.0,0,0,0,0,0.0,0.0,0,0,0,,0,0,0,0,0.0,0.0,0.0,1,0,65,1,0,0,32.0,7.4,2.1,5.1,0.213,7.0
30,25-26-prem-manchester-united-vs-arsenal,31,0,0,0,0.0,0.01,0,1,0,1,19,5,0.0,0.0,1,0,0.0,0,0.0,0,0,2,0,1,0,1,5,5,3,0.0,2,0.0,2,0,0,0,0.0,0.0,0,0,0,,0,0,0,0,0.0,0.0,0.0,0,60,93,0,0,0,29.6,4.0,1.2,2.6,0.145,6.0
450,25-26-prem-manchester-united-vs-arsenal,90,0,0,4,0.4,0.05,3,4,0,5,35,14,0.0,1.0,1,0,0.0,0,0.0,1,0,2,0,0,0,1,8,12,7,0.0,1,0.0,3,0,0,0,0.0,0.0,0,0,0,,0,0,0,0,0.0,0.0,0.21,1,0,93,1,0,0,34.5,9.4,4.2,4.9,0.286,12.0
22,25-26-prem-manchester-united-vs-arsenal,8,0,0,0,0.0,0.0,0,0,0,0,6,2,0.0,0.0,1,0,0.0,0,0.0,0,0,0,0,1,1,0,1,3,0,0.0,1,0.0,0,1,0,0,0.0,0.0,0,0,0,,0,0,0,0,0.0,0.0,0.0,0,83,93,0,0,0,28.8,1.7,0.411,1.2,0.051,2.0
560,25-26-prem-sunderland-vs-west-ham-united,15,1,0,1,0.04,0.0,1,0,0,1,4,1,0.0,0.0,1,0,0.0,0,0.0,0,0,1,0,1,0,0,0,1,0,0.0,0,0.0,0,0,0,0,0.0,0.0,0,0,0,,0,0,0,0,0.0,0.0,0.17,0,76,93,0,0,0,34.2,2.6,0.621,1.8,0.15,5.0
552,25-26-prem-sunderland-vs-west-ham-united,90,0,0,0,0.0,0.01,0,0,0,0,41,23,0.0,0.0,3,0,0.0,4,0.0,0,3,2,0,2,0,0,2,3,2,0.0,0,0.0,0,1,0,0,0.0,0.0,0,0,0,,0,0,0,0,0.0,0.0,0.0,2,0,93,0,0,0,30.2,11.5,2.9,8.3,0.24,9.0
253,25-26-prem-chelsea-vs-crystal-palace,90,0,0,0,0.0,0.0,0,0,0,0,34,20,0.0,1.0,5,0,0.0,8,0.0,0,0,5,0,2,0,0,0,0,0,0.0,0,0.0,0,0,2,0,0.65,0.65,0,20,8,,0,0,0,0,0.0,0.0,0.0,0,0,90,0,0,0,17.4,4.6,3.7,0.859,0.0,0.0
225,25-26-prem-chelsea-vs-crystal-palace,79,0,0,0,0.0,0.19,0,0,0,0,95,64,0.0,3.0,14,2,0.0,5,0.0,1,4,6,0,2,1,0,3,3,2,0.0,1,0.0,1,2,0,0,0.0,0.0,0,0,0,,0,0,0,0,0.0,0.0,0.0,1,0,79,0,0,0,32.5,7.7,2.9,4.5,0.3,14.0
220,25-26-prem-chelsea-vs-crystal-palace,90,0,0,0,0.0,0.0,0,0,0,0,43,24,0.0,0.0,5,0,0.0,2,0.0,0,0,8,0,1,0,0,1,1,0,0.0,1,0.0,0,0,4,0,0.26,0.26,1,24,2,,0,0,0,0,0.0,0.0,0.0,0,0,90,0,0,0,27.7,4.2,3.1,1.1,0.012,1.0
233,25-26-prem-chelsea-vs-crystal-palace,90,0,0,1,0.09,0.01,0,2,0,2,107,87,0.0,0.0,2,0,0.0,0,0.0,2,1,4,0,5,2,1,11,3,6,0.0,5,0.0,2,0,0,0,0.0,0.0,0,0,0,,0,0,0,0,0.0,0.0,0.0,2,0,90,0,0,0,31.2,9.4,3.2,6.1,0.103,8.0
236,25-26-prem-chelsea-vs-crystal-palace,90,0,0,1,0.03,0.36,0,3,0,4,59,30,0.0,2.0,2,3,0.0,1,0.0,0,1,4,0,0,0,0,5,2,5,0.0,0,0.0,1,0,0,0,0.0,0.0,0,0,0,,0,0,0,0,0.0,0.0,0.0,1,0,90,0,0,0,35.1,9.1,3.8,4.9,0.446,15.0
241,25-26-prem-chelsea-vs-crystal-palace,90,0,0,1,0.04,0.04,0,1,0,0,84,63,0.0,0.0,10,0,0.0,4,0.0,1,3,1,2,1,1,1,8,3,7,0.0,1,0.0,1,0,0,0,0.0,0.0,0,0,0,,0,0,0,0,0.0,0.0,0.0,5,0,90,0,0,0,29.5,9.2,3.4,5.7,0.095,4.0
226,25-26-prem-chelsea-vs-crystal-palace,90,0,0,1,0.09,0.03,0,1,1,1,117,92,0.0,0.0,12,0,0.0,4,0.0,0,1,3,1,7,4,0,4,4,2,0.0,2,0.0,1,2,0,0,0.0,0.0,0,0,0,,0,0,0,0,0.0,0.0,0.0,0,0,90,0,0,0,32.0,9.7,3.1,6.5,0.128,5.0
224,25-26-prem-chelsea-vs-crystal-palace,90,0,0,2,0.11,0.1,1,0,0,3,60,38,0.0,1.0,3,0,0.0,2,0.0,1,1,4,1,0,0,1,7,5,4,0.0,3,0.0,2,1,0,0,0.0,0.0,0,0,0,,0,0,0,0,0.0,0.0,0.0,2,0,90,0,0,0,31.6,10.9,2.9,7.7,0.252,14.0
257,25-26-prem-chelsea-vs-crystal-palace,90,0,0,0,0.0,0.0,0,0,0,0,45,20,0.0,0.0,0,0,0.0,1,0.0,2,2,2,3,8,3,0,6,4,3,0.0,3,0.0,0,2,0,0,0.0,0.0,0,0,0,,0,0,0,0,0.0,0.0,0.0,3,0,90,0,0,0,34.3,9.6,3.2,6.2,0.221,9.0
258,25-26-prem-chelsea-vs-crystal-palace,90,0,0,0,0.0,0.0,0,0,0,0,58,16,0.0,0.0,2,0,0.0,0,0.0,5,0,5,1,5,3,3,6,4,5,0.0,1,0.0,0,0,0,0,0.0,0.0,0,0,0,,0,0,0,0,0.0,0.0,0.0,5,0,90,0,0,0,29.3,9.8,3.3,6.3,0.226,10.0
261,25-26-prem-chelsea-vs-crystal-palace,90,0,0,1,0.08,0.01,0,0,0,1,32,18,0.0,0.0,0,0,0.0,1,0.0,2,1,0,2,3,3,0,5,0,2,0.0,3,0.0,0,0,0,0,0.0,0.0,0,0,0,,0,0,0,0,0.0,0.0,0.0,2,0,90,0,0,0,28.5,10.3,2.8,7.4,0.127,4.0
256,25-26-prem-chelsea-vs-crystal-palace,90,0,0,1,0.05,0.0,0,1,0,2,39,12,0.0,0.0,1,0,0.0,0,0.0,0,2,2,0,4,3,0,7,4,5,0.0,2,0.0,2,2,0,0,0.0,0.0,0,0,0,,0,0,0,0,0.0,0.0,0.0,2,0,90,0,0,0,32.7,10.9,2.8,7.6,0.51,22.0
260,25-26-prem-chelsea-vs-crystal-palace,90,0,0,0,0.0,0.0,0,0,0,1,28,16,0.0,1.0,1,0,0.0,1,0.0,1,0,1,0,5,4,1,3,2,1,0.0,2,0.0,0,1,0,0,0.0,0.0,0,0,0,,0,0,0,0,0.0,0.0,0.0,1,0,90,0,0,0,30.9,9.8,3.0,6.7,0.158,9.0
239,25-26-prem-chelsea-vs-crystal-palace,54,0,0,2,0.07,0.07,0,2,0,2,28,14,0.0,2.0,0,0,0.0,0,0.0,0,0,1,0,1,1,0,4,6,3,0.0,1,0.0,0,2,0,0,0.0,0.0,0,0,0,,0,0,0,0,0.0,0.0,0.0,1,0,54,0,0,0,33.7,6.1,1.7,4.2,0.243,13.0
235,25-26-prem-chelsea-vs-crystal-palace,90,0,0,4,0.17,0.03,0,1,0,7,47,26,0.0,1.0,3,0,0.0,1,0.0,1,0,4,0,0,0,1,2,3,2,0.0,0,0.0,0,1,0,0,0.0,0.0,0,0,0,,0,0,0,0,0.0,0.0,0.0,1,0,90,0,0,0,28.3,10.1,3.8,6.1,0.128,8.0
273,25-26-prem-chelsea-vs-crystal-palace,90,0,0,0,0.0,0.05,0,2,0,0,32,16,0.0,2.0,8,0,0.0,3,0.0,0,0,4,1,1,1,4,3,8,2,0.0,1,0.0,0,0,0,0,0.0,0.0,0,0,0,,0,0,0,0,0.0,0.0,0.0,0,0,90,0,0,0,26.5,9.9,3.2,6.6,0.014,1.0
266,25-26-prem-chelsea-vs-crystal-palace,84,0,0,6,0.24,0.0,2,2,0,1,42,16,0.0,0.0,4,0,0.0,1,0.0,1,0,5,0,1,0,0,4,5,4,0.0,0,0.0,1,2,0,0,0.0,0.0,0,0,0,,0,0,0,0,0.0,0.0,0.07,1,0,84,0,0,0,32.8,8.2,2.7,5.4,0.175,7.0
237,25-26-prem-chelsea-vs-crystal-palace,79,0,0,0,0.0,0.1,0,0,0,1,42,31,0.0,1.0,4,0,0.0,1,0.0,0,0,0,0,0,0,1,1,1,0,0.0,1,0.0,0,0,0,0,0.0,0.0,0,0,0,,0,0,0,0,0.0,0.0,0.0,0,0,79,0,0,0,28.4,8.8,2.7,5.9,0.178,8.0
238,25-26-prem-chelsea-vs-crystal-palace,37,0,0,1,0.34,0.37,0,2,0,3,21,7,0.0,0.0,1,1,0.0,0,0.0,0,0,2,0,1,0,0,2,5,2,0.0,0,0.0,0,1,0,0,0.0,0.0,0,0,0,,0,0,0,0,0.0,0.0,0.0,0,54,90,0,0,0,31.0,4.1,1.3,2.7,0.106,7.0
283,25-26-prem-chelsea-vs-crystal-palace,90,0,0,3,0.29,0.0,2,0,1,1,30,10,0.0,0.0,3,0,0.0,2,0.0,1,1,3,0,4,4,2,5,10,2,0.0,3,0.0,1,1,0,0,0.0,0.0,0,0,0,,0,0,0,0,0.0,0.0,0.19,1,0,90,0,0,0,32.0,10.4,3.2,7.0,0.128,7.0
270,25-26-prem-chelsea-vs-crystal-palace,70,0,0,0,0.0,0.0,0,0,0,0,24,10,0.0,0.0,2,0,0.0,1,0.0,0,1,3,2,3,2,0,2,3,2,0.0,0,0.0,2,1,0,0,0.0,0.0,0,0,0,,0,0,0,0,0.0,0.0,0.0,0,0,70,0,0,0,29.4,8.0,2.3,5.6,0.128,6.0
272,25-26-prem-chelsea-vs-crystal-palace,21,0,0,0,0.0,0.0,0,0,0,1,9,2,0.0,0.0,0,0,0.0,0,0.0,0,0,2,0,1,1,0,2,2,1,0.0,1,0.0,1,1,0,0,0.0,0.0,0,0,0,,0,0,0,0,0.0,0.0,0.0,0,70,90,0,0,0,31.5,3.3,0.688,2.5,0.034,1.0
267,25-26-prem-chelsea-vs-crystal-palace,90,0,0,0,0.0,0.01,0,0,0,0,34,12,0.0,1.0,2,0,0.0,0,0.0,0,0,3,1,3,1,2,3,10,3,0.0,0,0.0,3,2,0,0,0.0,0.0,0,0,0,,0,0,0,0,0.0,0.0,0.0,0,0,90,0,0,0,31.6,10.9,3.0,7.7,0.299,17.0
246,25-26-prem-chelsea-vs-crystal-palace,12,0,0,2,0.31,0.0,1,0,1,2,9,4,0.0,0.0,2,0,0.0,0,0.0,0,0,0,0,0,0,0,1,1,1,0.0,0,0.0,1,1,0,0,0.0,0.0,0,0,0,,0,0,0,0,0.0,0.0,0.63,0,79,90,0,0,0,24.3,2.1,0.489,1.6,0.0,0.0
250,25-26-prem-chelsea-vs-crystal-palace,18,0,0,1,0.05,0.01,1,0,0,2,10,3,0.0,0.0,1,0,0.0,0,0.0,0,0,1,0,1,1,0,0,3,0,0.0,0,0.0,0,0,0,0,0.0,0.0,0,0,0,,0,0,0,0,0.0,0.0,0.02,0,73,90,0,0,0,29.7,2.4,0.784,1.6,0.035,3.0
228,25-26-prem-chelsea-vs-crystal-palace,12,0,0,1,0.02,0.0,0,0,0,0,18,16,0.0,0.0,2,0,0.0,1,0.0,0,0,0,0,0,0,0,0,1,0,0.0,0,0.0,0,0,0,0,0.0,0.0,0,0,0,,0,0,0,0,0.0,0.0,0.0,0,79,90,0,0,0,29.0,2.1,0.514,1.5,0.038,2.0
249,25-26-prem-chelsea-vs-crystal-palace,73,0,0,2,0.28,0.02,0,0,0,4,23,11,0.0,0.0,1,0,0.0,0,0.0,0,0,1,0,0,0,0,3,6,1,0.0,2,0.0,1,0,0,0,0.0,0.0,0,0,0,,0,0,0,0,0.0,0.0,0.0,0,0,73,0,0,0,29.2,7.5,2.6,4.7,0.272,15.0
276,25-26-prem-chelsea-vs-crystal-palace,7,0,0,0,0.0,0.0,0,0,0,1,3,0,0.0,0.0,0,0,0.0,0,0.0,1,0,0,0,1,0,0,1,0,1,0.0,0,0.0,0,0,0,0,0.0,0.0,0,0,0,,0,0,0,0,0.0,0.0,0.0,1,84,90,0,0,0,30.5,1.9,0.323,1.5,0.03,1.0
506,25-26-prem-nottingham-forest-vs-brentford,90,0,0,0,0.0,0.02,0,1,0,0,57,38,0.0,0.0,16,0,0.0,3,0.0,0,1,6,0,4,1,0,5,1,2,0.0,3,0.0,2,0,0,0,0.0,0.0,0,0,0,,0,0,0,0,0.0,0.0,0.0,0,0,90,1,0,0,31.6,9.1,3.6,5.5,0.049,2.0
669,25-26-prem-nottingham-forest-vs-brentford,79,1,0,1,0.1,0.01,1,0,0,6,23,6,0.0,0.0,1,0,0.0,0,0.0,0,0,3,0,0,0,2,1,4,1,0.0,0,0.0,1,0,0,0,0.0,0.0,0,0,0,,0,0,0,0,0.0,0.0,0.69,0,0,79,1,0,0,32.6,9.2,2.8,5.9,0.458,19.0
508,25-26-prem-nottingham-forest-vs-brentford,90,0,0,0,0.0,0.09,0,0,0,1,64,33,0.0,2.0,7,1,0.0,0,0.0,1,2,2,1,1,0,0,4,5,4,0.0,0,0.0,2,2,0,0,0.0,0.0,0,0,0,,0,0,0,0,0.0,0.0,0.0,2,0,90,1,0,0,30.1,10.3,2.9,7.2,0.187,10.0
502,25-26-prem-nottingham-forest-vs-brentford,90,0,0,0,0.0,0.0,0,0,0,0,30,14,0.0,0.0,6,0,0.0,2,0.0,0,0,7,0,0,0,0,0,0,0,0.0,0,0.0,0,0,2,1,1.47,0.47,0,14,2,,0,0,0,0,0.0,0.0,0.0,0,0,90,1,0,0,23.5,5.0,3.8,1.2,0.0,0.0
521,25-26-prem-nottingham-forest-vs-brentford,90,0,0,1,0.02,0.01,0,1,0,0,60,36,0.0,0.0,2,0,0.0,3,0.0,1,0,4,0,5,1,0,5,1,3,0.0,2,0.0,1,1,0,0,0.0,0.0,0,0,0,,0,0,0,0,0.0,0.0,0.0,1,0,90,1,0,0,31.3,10.5,3.1,7.3,0.146,8.0
136,25-26-prem-nottingham-forest-vs-brentford,90,1,0,2,0.91,0.01,1,0,0,2,20,10,0.0,1.0,0,0,0.0,1,0.0,0,0,0,0,1,1,0,3,9,1,0.0,2,0.0,0,3,0,0,0.0,0.0,0,0,0,,0,0,0,0,0.0,0.0,0.78,1,0,90,3,1,0,30.6,10.2,3.0,6.9,0.213,13.0
430,25-26-prem-wolverhampton-wanderers-vs-manchester-city,73,2,0,6,1.99,0.0,2,0,2,7,13,2,0.0,0.0,0,0,0.0,0,0.0,0,0,1,0,0,0,0,5,2,1,0.0,4,0.0,0,1,0,0,0.0,0.0,0,0,0,,0,0,0,0,0.0,0.0,1.06,1,0,73,0,0,0,32.9,8.1,3.1,4.8,0.213,14.0
182,25-26-prem-wolverhampton-wanderers-vs-manchester-city,90,0,0,0,0.0,0.0,0,0,0,0,38,19,0.0,0.0,3,0,0.0,2,0.0,0,0,10,0,2,0,0,0,0,0,0.0,0,0.0,0,0,3,0,0.74,0.74,3,19,2,,1,0,0,0,0.0,0.0,0.0,0,0,90,0,0,0,24.9,5.4,4.0,1.4,0.001,0.0
518,25-26-prem-nottingham-forest-vs-brentford,12,0,0,0,0.0,0.0,0,0,0,2,8,2,0.0,0.0,0,0,0.0,0,0.0,1,0,0,0,1,0,0,3,1,3,0.0,0,0.0,1,0,0,0,0.0,0.0,0,0,0,,0,0,0,0,0.0,0.0,0.0,2,79,90,0,0,0,28.5,2.0,0.556,1.4,0.053,3.0
110,25-26-prem-nottingham-forest-vs-brentford,90,0,0,0,0.0,0.08,0,2,0,0,54,29,0.0,2.0,4,0,0.0,1,0.0,0,1,2,0,3,2,0,4,1,4,0.0,0,0.0,0,1,0,0,0.0,0.0,0,0,0,,0,0,0,0,0.0,0.0,0.0,2,0,90,3,0,0,31.7,9.8,2.9,6.8,0.134,7.0
122,25-26-prem-nottingham-forest-vs-brentford,45,0,0,0,0.0,0.01,0,0,0,0,18,8,0.0,0.0,3,0,0.0,0,0.0,1,0,2,0,0,0,0,4,0,2,0.0,2,0.0,0,0,0,0,0.0,0.0,0,0,0,,0,0,0,0,0.0,0.0,0.0,2,0,46,2,0,0,29.0,6.1,1.1,4.9,0.059,4.0
109,25-26-prem-nottingham-forest-vs-brentford,88,0,0,0,0.0,0.04,0,3,0,3,50,15,0.0,1.0,3,0,0.0,0,0.0,1,1,2,0,1,0,0,4,2,4,0.0,0,0.0,0,0,0,0,0.0,0.0,0,0,0,,0,0,0,0,0.0,0.0,0.0,1,0,88,3,0,0,32.1,9.6,2.7,6.6,0.311,15.0
526,25-26-prem-nottingham-forest-vs-brentford,12,0,0,0,0.0,0.0,0,0,0,1,5,2,0.0,0.0,0,0,0.0,0,0.0,0,0,0,0,1,1,0,1,1,0,0.0,1,0.0,0,1,0,0,0.0,0.0,0,0,0,,0,0,0,0,0.0,0.0,0.0,0,79,90,0,0,0,30.6,1.9,0.502,1.3,0.055,2.0
126,25-26-prem-nottingham-forest-vs-brentford,69,0,0,1,0.13,0.03,0,0,0,3,39,19,0.0,2.0,6,1,0.0,2,0.0,1,0,1,0,2,0,1,3,1,2,0.0,1,0.0,0,0,0,0,0.0,0.0,0,0,0,,0,0,0,0,0.0,0.0,0.0,2,0,69,3,0,0,26.3,9.0,1.9,7.1,0.035,2.0
107,25-26-prem-nottingham-forest-vs-brentford,69,0,0,2,0.12,0.0,0,0,0,2,29,8,0.0,0.0,3,1,0.0,0,0.0,0,0,2,0,3,1,1,3,4,3,0.0,0,0.0,1,1,0,0,0.0,0.0,0,0,0,,0,0,0,0,0.0,0.0,0.0,2,0,69,3,0,0,27.3,8.0,2.2,5.7,0.053,4.0
123,25-26-prem-nottingham-forest-vs-brentford,90,0,0,1,0.03,0.03,0,0,0,1,28,11,0.0,0.0,0,1,0.0,0,0.0,2,0,4,0,0,0,0,3,6,3,0.0,0,0.0,0,0,0,0,0.0,0.0,0,0,0,,0,0,0,0,0.0,0.0,0.0,3,0,90,3,0,0,32.0,11.1,3.4,7.5,0.291,14.0
124,25-26-prem-nottingham-forest-vs-brentford,22,0,0,0,0.0,0.0,0,0,0,0,19,11,0.0,0.0,2,0,0.0,0,0.0,0,0,3,0,0,0,0,0,2,0,0.0,0,0.0,0,1,0,0,0.0,0.0,0,0,0,,0,0,0,0,0.0,0.0,0.0,0,69,90,0,0,0,27.2,3.0,0.78,2.2,0.037,2.0
128,25-26-prem-nottingham-forest-vs-brentford,22,0,0,0,0.0,0.0,0,0,0,1,9,4,0.0,0.0,1,0,0.0,1,0.0,0,0,1,0,0,0,1,0,4,0,0.0,0,0.0,0,2,0,0,0.0,0.0,0,0,0,,0,0,0,0,0.0,0.0,0.0,0,69,90,0,0,0,26.6,2.9,0.742,2.1,0.048,3.0
120,25-26-prem-nottingham-forest-vs-brentford,45,0,0,0,0.0,0.04,0,0,0,3,19,6,0.0,0.0,2,0,0.0,0,0.0,0,1,3,0,1,0,2,4,9,3,0.0,1,0.0,1,2,0,0,0.0,0.0,0,0,0,,0,0,0,0,0.0,0.0,0.0,2,46,90,1,0,0,35.0,4.8,1.7,2.8,0.267,10.0
113,25-26-prem-nottingham-forest-vs-brentford,90,0,0,2,0.21,0.0,1,0,0,3,82,56,0.0,0.0,5,0,0.0,2,0.0,1,1,4,2,9,5,1,6,3,2,0.0,4,0.0,0,0,0,0,0.0,0.0,0,0,0,,0,0,0,0,0.0,0.0,0.53,2,0,90,3,0,0,26.4,9.7,3.1,6.5,0.028,1.0
106,25-26-prem-nottingham-forest-vs-brentford,90,0,0,1,0.02,0.0,0,0,0,1,56,43,0.0,0.0,4,0,0.0,1,0.0,0,1,5,0,4,2,0,2,2,1,0.0,1,0.0,1,1,0,0,0.0,0.0,0,0,0,,0,0,0,0,0.0,0.0,0.0,0,0,90,3,0,0,28.5,9.3,3.2,6.1,0.078,5.0
423,25-26-prem-wolverhampton-wanderers-vs-manchester-city,90,0,0,2,0.05,0.05,0,4,0,1,98,72,0.0,0.0,14,0,0.0,1,0.0,3,1,4,1,2,0,0,11,3,10,0.0,1,0.0,3,1,0,0,0.0,0.0,0,0,0,,0,0,0,0,0.0,0.0,0.0,3,0,90,0,0,0,27.4,12.4,2.6,9.7,0.14,10.0
427,25-26-prem-wolverhampton-wanderers-vs-manchester-city,90,1,1,3,0.2,0.14,1,1,0,5,82,52,0.0,1.0,7,1,0.0,2,0.0,0,0,1,0,1,1,0,4,10,4,0.0,0,0.0,2,3,0,0,0.0,0.0,0,0,0,,0,0,0,0,0.0,0.0,0.75,1,0,90,0,0,0,31.8,11.6,2.9,8.4,0.255,11.0
402,25-26-prem-wolverhampton-wanderers-vs-manchester-city,90,0,0,2,0.04,0.02,0,1,0,0,97,53,0.0,1.0,3,0,0.0,1,0.0,4,3,3,0,6,5,0,9,4,7,0.0,2,0.0,0,0,0,0,0.0,0.0,0,0,0,,0,0,0,0,0.0,0.0,0.0,6,0,90,0,0,0,33.3,10.5,3.3,7.0,0.217,11.0
424,25-26-prem-wolverhampton-wanderers-vs-manchester-city,90,0,1,0,0.0,0.07,0,3,0,4,46,30,0.0,2.0,1,0,0.0,1,0.0,0,0,4,0,0,0,0,4,3,4,0.0,0,0.0,1,0,0,0,0.0,0.0,0,0,0,,0,0,0,0,0.0,0.0,0.0,0,0,90,0,0,0,30.4,11.3,3.3,7.8,0.265,14.0
410,25-26-prem-wolverhampton-wanderers-vs-manchester-city,66,0,1,0,0.0,0.59,0,0,0,4,66,45,0.0,1.0,7,0,0.0,3,0.0,0,2,1,0,3,1,0,3,0,3,0.0,0,0.0,2,0,0,0,0.0,0.0,0,0,0,,0,0,0,0,0.0,0.0,0.0,1,0,66,0,0,0,28.3,7.9,2.0,5.8,0.089,4.0
409,25-26-prem-wolverhampton-wanderers-vs-manchester-city,82,0,0,0,0.0,0.01,0,2,0,0,65,55,0.0,0.0,3,0,0.0,1,0.0,0,0,4,1,1,1,0,4,0,2,0.0,2,0.0,0,0,0,0,0.0,0.0,0,0,0,,0,0,0,0,0.0,0.0,0.0,0,0,82,0,0,0,29.8,9.5,2.5,6.7,0.261,15.0
416,25-26-prem-wolverhampton-wanderers-vs-manchester-city,66,0,0,0,0.0,0.44,0,0,0,2,54,33,0.0,4.0,3,5,0.0,1,0.0,2,0,4,0,1,1,1,4,5,4,0.0,0,0.0,0,1,0,0,0.0,0.0,0,0,0,,0,0,0,0,0.0,0.0,0.0,4,0,66,0,0,0,29.2,8.7,1.9,6.8,0.072,5.0
408,25-26-prem-wolverhampton-wanderers-vs-manchester-city,90,0,0,0,0.0,0.08,0,1,0,1,85,71,0.0,0.0,4,0,0.0,1,0.0,0,0,4,1,3,1,0,2,1,1,0.0,1,0.0,0,0,0,0,0.0,0.0,0,0,0,,0,0,0,0,0.0,0.0,0.0,0,0,90,0,0,0,33.5,11.1,2.9,8.0,0.235,10.0
417,25-26-prem-wolverhampton-wanderers-vs-manchester-city,18,1,0,1,0.06,0.03,1,0,0,0,23,18,0.0,0.0,3,0,0.0,0,0.0,0,1,0,0,0,0,1,0,2,0,0.0,0,0.0,0,0,0,0,0.0,0.0,0,0,0,,0,0,0,0,0.0,0.0,0.45,0,73,90,0,0,0,29.1,3.1,0.767,2.1,0.165,7.0
646,25-26-prem-wolverhampton-wanderers-vs-manchester-city,90,0,0,0,0.0,0.04,0,1,0,2,70,52,0.0,1.0,8,0,0.0,3,0.0,4,1,2,1,1,0,5,7,9,6,0.0,1,0.0,1,3,0,0,0.0,0.0,0,0,0,,0,0,0,0,0.0,0.0,0.0,4,0,90,4,0,0,30.5,10.5,2.9,7.4,0.208,11.0
418,25-26-prem-wolverhampton-wanderers-vs-manchester-city,66,0,0,0,0.0,0.02,0,1,0,2,32,18,0.0,0.0,0,0,0.0,0,0.0,0,0,1,0,0,0,1,2,5,2,0.0,0,0.0,1,1,0,0,0.0,0.0,0,0,0,,0,0,0,0,0.0,0.0,0.0,0,0,66,0,0,0,30.0,7.2,2.4,4.7,0.112,6.0
633,25-26-prem-wolverhampton-wanderers-vs-manchester-city,19,0,0,0,0.0,0.01,0,1,0,3,20,8,0.0,1.0,0,0,0.0,0,0.0,0,0,2,0,1,0,0,1,1,1,0.0,0,0.0,0,0,0,0,0.0,0.0,0,0,0,,0,0,0,0,0.0,0.0,0.0,0,72,90,1,0,0,29.0,2.5,0.859,1.6,0.061,3.0
648,25-26-prem-wolverhampton-wanderers-vs-manchester-city,90,0,0,1,0.05,0.02,0,2,0,2,25,8,0.0,0.0,0,1,0.0,0,0.0,2,0,4,0,0,0,2,5,5,4,0.0,1,0.0,0,0,0,0,0.0,0.0,0,0,0,,0,0,0,0,0.0,0.0,0.0,2,0,90,4,0,0,32.1,11.7,2.8,8.5,0.386,15.0
643,25-26-prem-wolverhampton-wanderers-vs-manchester-city,72,0,0,0,0.0,0.01,0,0,0,0,42,29,0.0,0.0,1,0,0.0,2,0.0,1,1,8,1,1,0,3,5,6,5,0.0,0,0.0,1,1,0,0,0.0,0.0,0,0,0,,0,0,0,0,0.0,0.0,0.0,4,0,72,3,0,0,30.9,7.9,2.3,5.4,0.144,5.0
638,25-26-prem-wolverhampton-wanderers-vs-manchester-city,73,0,0,0,0.0,0.14,0,0,0,0,51,11,0.0,1.0,5,2,0.0,1,0.0,2,1,2,0,4,2,1,2,5,2,0.0,0,0.0,0,0,0,0,0.0,0.0,0,0,0,,0,0,0,0,0.0,0.0,0.0,2,0,73,3,0,0,32.1,8.1,2.3,5.6,0.211,12.0
682,25-26-prem-wolverhampton-wanderers-vs-manchester-city,72,0,0,0,0.0,0.0,0,0,0,1,36,11,0.0,0.0,3,0,0.0,1,0.0,1,0,2,0,3,2,0,2,1,1,0.0,1,0.0,0,0,0,0,0.0,0.0,0,0,0,,0,0,0,0,0.0,0.0,0.0,1,0,72,3,0,0,33.2,8.1,2.2,5.6,0.326,14.0
654,25-26-prem-wolverhampton-wanderers-vs-manchester-city,82,0,0,4,0.38,0.01,2,0,0,5,30,12,0.0,0.0,5,0,0.0,0,0.0,1,0,1,1,2,1,0,4,5,2,0.0,2,0.0,1,3,0,0,0.0,0.0,0,0,0,,0,0,0,0,0.0,0.0,0.57,1,0,82,4,0,0,31.8,8.7,2.6,5.9,0.235,11.0
407,25-26-prem-wolverhampton-wanderers-vs-manchester-city,25,0,0,0,0.0,0.0,0,0,0,0,26,15,0.0,0.0,0,0,0.0,0,0.0,1,0,2,0,3,1,1,2,2,2,0.0,0,0.0,1,0,0,0,0.0,0.0,0,0,0,,0,0,0,0,0.0,0.0,0.0,1,66,90,0,0,0,33.1,3.5,0.882,2.5,0.173,8.0
663,25-26-prem-wolverhampton-wanderers-vs-manchester-city,18,0,0,0,0.0,0.02,0,0,0,1,12,6,0.0,1.0,0,0,0.0,0,0.0,0,1,2,0,0,0,1,0,3,0,0.0,0,0.0,0,1,0,0,0.0,0.0,0,0,0,,0,0,0,0,0.0,0.0,0.0,0,73,90,1,0,0,31.0,2.5,0.779,1.7,0.115,6.0
413,25-26-prem-wolverhampton-wanderers-vs-manchester-city,25,0,0,1,0.12,0.0,0,0,0,2,12,5,0.0,0.0,0,0,0.0,0,0.0,0,0,1,0,0,0,0,2,2,2,0.0,0,0.0,2,0,0,0,0.0,0.0,0,0,0,,0,0,0,0,0.0,0.0,0.0,0,66,90,0,0,0,32.5,3.3,1.1,2.1,0.168,8.0
645,25-26-prem-wolverhampton-wanderers-vs-manchester-city,19,0,0,2,0.08,0.02,1,0,0,1,10,4,0.0,0.0,1,0,0.0,0,0.0,0,0,0,0,0,0,1,0,1,0,0.0,0,0.0,0,0,0,0,0.0,0.0,0,0,0,,0,0,0,0,0.0,0.0,0.17,0,72,90,1,0,0,28.6,3.1,0.795,2.2,0.038,3.0
635,25-26-prem-wolverhampton-wanderers-vs-manchester-city,18,0,0,0,0.0,0.0,0,0,0,2,16,5,0.0,0.0,1,0,0.0,0,0.0,1,0,0,0,0,0,0,1,2,1,0.0,0,0.0,0,0,0,0,0.0,0.0,0,0,0,,0,0,0,0,0.0,0.0,0.0,1,73,90,1,0,0,31.7,2.7,0.806,1.8,0.132,5.0
411,25-26-prem-wolverhampton-wanderers-vs-manchester-city,25,0,0,0,0.0,0.01,0,0,0,0,21,18,0.0,0.0,0,0,0.0,0,0.0,0,0,0,0,0,0,1,0,3,0,0.0,0,0.0,0,0,0,0,0.0,0.0,0,0,0,,0,0,0,0,0.0,0.0,0.0,0,66,90,0,0,0,33.0,3.8,0.826,2.9,0.092,5.0
644,25-26-prem-wolverhampton-wanderers-vs-manchester-city,73,0,0,1,0.02,0.03,0,0,0,2,39,22,0.0,1.0,3,0,0.0,1,0.0,1,1,0,0,0,0,0,4,6,4,0.0,0,0.0,2,1,0,0,0.0,0.0,0,0,0,,0,0,0,0,0.0,0.0,0.0,2,0,73,3,0,0,29.3,9.0,2.4,6.5,0.13,7.0
632,25-26-prem-wolverhampton-wanderers-vs-manchester-city,90,0,0,0,0.0,0.01,0,0,0,0,55,38,0.0,0.0,7,1,0.0,2,0.0,2,1,6,0,1,0,0,4,3,4,0.0,0,0.0,1,3,0,0,0.0,0.0,0,0,0,,0,0,0,0,0.0,0.0,0.0,3,0,90,4,0,0,30.5,10.5,3.3,7.2,0.083,4.0
637,25-26-prem-wolverhampton-wanderers-vs-manchester-city,90,0,0,0,0.0,0.0,0,1,0,0,67,50,0.0,1.0,2,0,0.0,2,0.0,1,0,4,0,2,0,1,4,3,4,0.0,0,0.0,1,0,0,0,0.0,0.0,0,0,0,,0,0,0,0,0.0,0.0,0.0,2,0,90,4,0,0,29.6,9.5,3.1,6.3,0.118,8.0
628,25-26-prem-wolverhampton-wanderers-vs-manchester-city,90,0,0,0,0.0,0.0,0,0,0,0,28,18,0.0,0.0,1,0,0.0,5,0.0,0,0,6,0,1,0,0,0,0,0,0.0,0,0.0,0,0,0,4,2.27,-1.73,0,18,5,,1,0,0,0,0.0,0.0,0.0,0,0,90,4,0,0,21.9,4.2,3.4,0.808,0.0,0.0
631,25-26-prem-wolverhampton-wanderers-vs-manchester-city,90,0,0,1,0.02,0.01,0,0,0,0,71,51,0.0,0.0,9,0,0.0,7,0.0,1,0,2,1,4,1,0,2,4,2,0.0,0,0.0,0,0,0,0,0.0,0.0,0,0,0,,0,0,0,0,0.0,0.0,0.0,2,0,90,4,0,0,30.6,8.8,3.1,5.6,0.085,6.0
406,25-26-prem-wolverhampton-wanderers-vs-manchester-city,9,0,0,0,0.0,0.0,0,1,0,0,7,4,0.0,0.0,0,0,0.0,0,0.0,1,0,0,0,0,0,0,3,0,3,0.0,0,0.0,1,0,0,0,0.0,0.0,0,0,0,,0,0,0,0,0.0,0.0,0.0,1,82,90,0,0,0,33.9,1.6,0.412,1.1,0.047,2.0
668,25-26-prem-sunderland-vs-west-ham-united,90,0,0,0,0.0,0.04,0,0,0,0,63,38,0.0,2.0,8,2,0.0,2,0.0,0,1,2,1,1,1,1,5,7,3,0.0,2,0.0,2,2,0,0,0.0,0.0,0,0,0,,0,0,0,0,0.0,0.0,0.0,1,0,93,0,0,0,25.7,11.2,2.8,8.4,0.067,3.0
624,25-26-prem-sunderland-vs-west-ham-united,90,0,0,4,0.15,0.05,1,2,0,6,49,22,0.0,0.0,0,0,0.0,0,0.0,1,0,6,0,0,0,0,7,3,6,0.0,1,0.0,2,0,0,0,0.0,0.0,0,0,0,,0,0,0,0,0.0,0.0,0.08,2,0,93,3,0,0,28.4,9.4,3.4,5.8,0.192,7.0
459,25-26-prem-manchester-united-vs-arsenal,26,0,0,1,0.03,0.01,0,0,0,0,22,17,0.0,1.0,6,0,0.0,1,0.0,0,0,1,0,0,0,0,0,3,0,0.0,0,0.0,0,2,0,0,0.0,0.0,0,0,0,,0,0,0,0,0.0,0.0,0.0,0,65,93,0,0,0,27.1,3.4,1.1,2.2,0.06,3.0
10,25-26-prem-manchester-united-vs-arsenal,19,0,0,0,0.0,0.0,0,0,0,0,5,1,0.0,0.0,0,0,0.0,0,0.0,0,0,0,0,1,1,0,0,1,0,0.0,0,0.0,0,1,0,0,0.0,0.0,0,0,0,,0,0,0,0,0.0,0.0,0.0,0,72,93,0,0,0,23.7,2.5,0.813,1.7,0.0,0.0
666,25-26-prem-manchester-united-vs-arsenal,60,0,0,0,0.0,0.06,0,0,0,3,22,4,0.0,0.0,0,1,0.0,0,0.0,0,0,1,0,1,1,0,3,10,2,0.0,1,0.0,2,3,0,0,0.0,0.0,0,0,0,,0,0,0,1,0.0,0.0,0.0,0,0,60,0,0,0,32.5,7.7,1.5,5.8,0.372,12.0
18,25-26-prem-manchester-united-vs-arsenal,31,0,0,0,0.0,0.02,0,0,0,1,14,7,0.0,1.0,0,0,0.0,1,0.0,0,0,0,0,0,0,2,1,5,1,0.0,0,0.0,1,1,0,0,0.0,0.0,0,0,0,,0,0,0,0,0.0,0.0,0.0,0,60,93,0,0,0,32.0,4.1,1.2,2.7,0.175,7.0
431,25-26-prem-manchester-united-vs-arsenal,90,0,0,0,0.0,0.0,0,0,0,0,56,35,0.0,0.0,7,0,0.0,8,0.0,0,0,10,0,1,0,0,2,0,2,0.0,0,0.0,2,0,2,1,1.21,0.21,0,35,8,,1,0,0,0,0.0,0.0,0.0,0,0,93,1,0,0,23.4,5.5,3.9,1.6,0.0,0.0
442,25-26-prem-manchester-united-vs-arsenal,11,0,0,0,0.0,0.0,0,0,0,0,11,5,0.0,0.0,0,0,0.0,0,0.0,0,0,0,0,3,3,0,0,2,0,0.0,0,0.0,0,1,0,0,0.0,0.0,0,0,0,,0,0,0,0,0.0,0.0,0.0,0,80,93,0,0,0,27.3,1.7,0.48,1.1,0.041,1.0
242,25-26-prem-leeds-united-vs-everton,90,0,0,0,0.0,0.24,0,1,0,1,46,24,0.0,1.0,1,3,0.0,0,0.0,2,0,2,0,2,1,0,5,2,5,0.0,0,0.0,2,1,0,0,0.0,0.0,0,0,0,,0,0,0,0,0.0,0.0,0.0,2,0,94,1,0,0,28.7,11.0,3.3,7.6,0.116,9.0
299,25-26-prem-leeds-united-vs-everton,90,0,0,0,0.0,0.02,0,1,0,1,34,16,0.0,1.0,0,0,0.0,0,0.0,2,0,6,1,0,0,0,4,2,3,0.0,1,0.0,0,0,0,0,0.0,0.0,0,0,0,,0,0,0,0,0.0,0.0,0.0,2,0,94,1,0,0,33.3,9.3,3.4,5.8,0.176,10.0
303,25-26-prem-leeds-united-vs-everton,90,0,0,1,0.04,0.01,0,0,0,0,72,46,0.0,0.0,6,0,0.0,2,0.0,2,1,2,1,2,0,1,2,3,2,0.0,0,0.0,0,0,0,0,0.0,0.0,0,0,0,,0,0,0,0,0.0,0.0,0.0,2,0,94,1,0,0,31.9,10.0,3.2,6.7,0.188,10.0
358,25-26-prem-leeds-united-vs-everton,89,0,0,2,0.1,0.04,0,0,0,3,58,42,0.0,2.0,7,0,0.0,2,0.0,0,1,5,0,0,0,1,2,5,2,0.0,0,0.0,2,1,0,0,0.0,0.0,0,0,0,,0,0,0,0,0.0,0.0,0.0,0,0,94,0,0,0,28.4,10.8,2.6,8.0,0.099,7.0
542,25-26-prem-sunderland-vs-west-ham-united,53,0,0,0,0.0,0.0,0,0,0,0,36,23,0.0,0.0,1,0,0.0,1,0.0,0,0,4,1,3,1,1,3,1,2,0.0,1,0.0,0,0,0,0,0.0,0.0,0,0,0,,0,0,0,0,0.0,0.0,0.0,2,0,53,0,0,0,26.5,5.2,1.8,3.3,0.067,4.0
603,25-26-prem-sunderland-vs-west-ham-united,90,0,0,3,0.16,0.07,1,1,0,2,54,27,0.0,2.0,2,1,0.0,1,0.0,0,0,3,0,3,3,0,5,4,2,0.0,3,0.0,1,1,0,0,0.0,0.0,0,0,0,,0,0,0,0,0.0,0.0,0.0,0,0,93,3,0,0,29.1,9.0,2.5,6.1,0.316,10.0
605,25-26-prem-sunderland-vs-west-ham-united,90,0,0,0,0.0,0.03,0,0,0,0,84,66,0.0,1.0,8,1,0.0,3,0.0,2,0,2,0,6,6,0,5,2,3,0.0,2,0.0,0,2,0,0,0.0,0.0,0,0,0,,0,0,0,0,0.0,0.0,0.0,3,0,93,3,0,0,29.0,9.0,3.7,5.1,0.172,7.0
544,25-26-prem-sunderland-vs-west-ham-united,90,0,0,2,0.23,0.01,1,0,1,2,32,15,0.0,0.0,2,0,0.0,0,0.0,0,0,3,0,2,0,0,1,3,1,0.0,0,0.0,0,1,0,0,0.0,0.0,0,0,0,,0,0,0,0,0.0,0.0,0.34,1,0,93,0,0,0,31.4,10.6,2.9,7.4,0.273,12.0
609,25-26-prem-sunderland-vs-west-ham-united,82,0,0,0,0.0,0.01,0,0,0,0,81,62,0.0,0.0,11,0,0.0,3,0.0,1,2,2,0,3,1,0,4,2,4,0.0,0,0.0,1,0,0,0,0.0,0.0,0,0,0,,0,0,0,0,0.0,0.0,0.0,3,0,82,2,0,0,28.0,7.9,3.0,4.7,0.125,6.0
1,25-26-prem-manchester-united-vs-arsenal,90,0,0,0,0.0,0.0,0,0,0,0,47,13,0.0,0.0,7,0,0.0,5,0.0,0,0,13,0,1,0,0,1,0,0,0.0,1,0.0,0,0,7,0,0.75,0.75,0,13,5,,2,0,0,0,0.0,0.0,0.0,0,0,93,0,0,0,23.2,6.1,4.1,2.0,0.0,0.0
7,25-26-prem-manchester-united-vs-arsenal,72,1,0,1,0.91,0.01,1,0,0,2,35,19,0.0,0.0,2,0,0.0,1,0.0,1,0,5,0,3,0,1,3,3,1,0.0,2,0.0,0,2,0,0,0.0,0.0,0,0,0,,0,0,0,1,0.0,0.0,1.0,1,0,72,0,0,0,30.0,8.5,2.1,6.2,0.223,9.0
17,25-26-prem-manchester-united-vs-arsenal,90,0,0,2,0.09,0.29,1,3,0,4,63,31,0.0,1.0,8,0,0.0,5,0.0,0,1,7,0,5,1,0,5,3,5,0.0,0,0.0,1,1,0,0,0.0,0.0,0,0,0,,0,0,0,0,0.0,0.0,0.19,1,0,93,0,0,0,32.3,11.2,2.9,8.0,0.383,16.0
6,25-26-prem-manchester-united-vs-arsenal,90,0,0,0,0.0,0.0,0,1,0,0,47,22,0.0,0.0,0,0,0.0,2,0.0,1,1,3,2,7,4,1,8,5,5,0.0,3,0.0,0,2,0,0,0.0,0.0,0,0,0,,0,0,0,0,0.0,0.0,0.0,4,0,93,0,0,0,33.0,9.9,3.1,6.5,0.296,15.0
11,25-26-prem-manchester-united-vs-arsenal,71,0,0,1,0.01,0.01,0,1,0,0,40,17,0.0,1.0,6,0,0.0,1,0.0,1,1,4,1,4,2,1,5,4,3,0.0,2,0.0,0,2,0,0,0.0,0.0,0,0,0,,0,0,0,0,0.0,0.0,0.0,2,0,71,0,0,0,31.3,8.1,2.1,5.7,0.271,10.0
449,25-26-prem-manchester-united-vs-arsenal,90,0,0,2,0.15,0.3,0,1,0,2,77,46,0.0,5.0,12,1,0.0,5,0.0,0,0,6,0,2,0,4,7,7,5,0.0,2,0.0,2,1,0,0,0.0,0.0,0,0,0,,0,0,0,0,0.0,0.0,0.0,3,0,93,1,0,0,31.2,10.9,3.1,7.5,0.273,12.0
452,25-26-prem-manchester-united-vs-arsenal,36,0,0,1,0.03,0.04,1,2,0,6,29,16,0.0,1.0,0,0,0.0,1,0.0,1,0,1,0,0,0,0,7,0,7,0.0,0,0.0,2,0,0,0,0.0,0.0,0,0,0,,0,0,0,0,0.0,0.0,0.02,3,55,93,0,0,0,29.8,4.3,1.4,2.8,0.171,8.0
26,25-26-prem-manchester-united-vs-arsenal,90,0,0,0,0.0,0.01,0,0,0,1,57,39,0.0,0.0,4,0,0.0,2,0.0,2,1,5,1,2,0,1,4,4,3,0.0,1,0.0,0,2,0,0,0.0,0.0,0,0,0,,0,0,0,0,0.0,0.0,0.0,3,0,93,0,0,0,29.1,11.2,2.6,8.4,0.139,5.0
436,25-26-prem-manchester-united-vs-arsenal,90,0,0,3,0.21,0.06,1,0,0,3,74,49,0.0,1.0,3,1,0.0,4,0.0,1,0,4,2,6,4,1,9,6,3,0.0,6,0.0,1,1,0,0,0.0,0.0,0,0,0,,0,0,0,0,0.0,0.0,0.07,2,0,93,1,0,0,30.8,9.3,3.2,5.9,0.179,9.0
444,25-26-prem-manchester-united-vs-arsenal,90,0,0,0,0.0,0.01,0,0,0,0,83,58,0.0,0.0,5,0,0.0,4,0.0,0,4,4,0,6,3,1,6,4,1,0.0,5,0.0,0,1,0,0,0.0,0.0,0,0,0,,0,0,0,0,0.0,0.0,0.0,1,0,93,1,0,0,31.6,10.1,3.2,6.7,0.216,9.0
441,25-26-prem-manchester-united-vs-arsenal,90,0,0,2,0.04,0.02,0,1,0,3,62,22,0.0,0.0,3,0,0.0,0,0.0,3,0,2,1,0,0,0,11,7,8,0.0,3,0.0,4,1,0,0,0.0,0.0,0,0,0,,0,0,0,0,0.0,0.0,0.0,4,0,93,1,0,0,32.9,10.9,3.2,7.3,0.364,18.0
5,25-26-prem-manchester-united-vs-arsenal,90,0,0,0,0.0,0.0,0,0,0,2,40,19,0.0,0.0,1,0,0.0,2,0.0,1,0,1,3,3,2,1,6,5,3,0.0,3,0.0,2,1,0,0,0.0,0.0,0,0,0,,0,0,0,0,0.0,0.0,0.0,1,0,93,0,0,0,32.4,9.8,2.9,6.8,0.152,7.0
347,25-26-prem-leeds-united-vs-everton,90,0,0,3,0.17,0.14,0,4,0,3,79,40,0.0,2.0,6,2,0.0,2,0.0,1,2,6,1,4,2,0,7,4,5,0.0,2,0.0,0,0,0,0,0.0,0.0,0,0,0,,0,0,0,0,0.0,0.0,0.0,1,0,94,0,0,0,31.3,10.5,3.0,7.3,0.228,13.0
660,25-26-prem-leeds-united-vs-everton,90,0,0,4,0.26,0.3,1,1,1,3,86,48,0.0,4.0,6,3,0.0,4,0.0,2,1,3,1,5,2,0,5,5,3,0.0,2,0.0,1,1,0,0,0.0,0.0,0,0,0,,0,0,0,0,0.0,0.0,0.02,2,0,94,0,0,0,31.8,11.7,3.1,8.4,0.197,9.0
343,25-26-prem-leeds-united-vs-everton,90,0,0,1,0.11,0.01,0,0,0,2,80,69,0.0,1.0,11,0,0.0,4,0.0,0,0,5,0,8,7,0,2,3,0,0.0,2,0.0,0,0,0,0,0.0,0.0,0,0,0,,0,0,0,0,0.0,0.0,0.0,0,0,94,0,0,0,30.0,9.5,3.1,6.3,0.081,5.0
348,25-26-prem-leeds-united-vs-everton,90,0,0,0,0.0,0.0,0,0,0,0,65,47,0.0,0.0,6,0,0.0,2,0.0,0,2,2,0,6,4,0,4,3,1,0.0,3,0.0,1,0,0,0,0.0,0.0,0,0,0,,0,0,0,0,0.0,0.0,0.0,0,0,94,0,0,0,32.7,10.2,3.1,6.9,0.106,3.0
365,25-26-prem-leeds-united-vs-everton,13,1,0,2,0.87,0.01,1,0,0,2,10,4,0.0,0.0,0,0,0.0,0,0.0,0,0,2,0,1,0,0,1,2,1,0.0,0,0.0,1,0,0,0,0.0,0.0,0,0,0,,0,0,0,0,0.0,0.0,0.85,0,78,94,0,1,0,31.3,2.3,0.591,1.6,0.085,4.0
342,25-26-prem-leeds-united-vs-everton,90,0,0,1,0.03,0.01,0,1,0,0,46,17,0.0,0.0,2,0,0.0,1,0.0,0,0,3,1,2,1,1,5,3,3,0.0,2,0.0,0,1,0,0,0.0,0.0,0,0,0,,0,0,0,0,0.0,0.0,0.0,2,0,94,0,0,0,32.2,10.6,3.1,7.3,0.223,14.0
291,25-26-prem-leeds-united-vs-everton,90,0,0,1,0.42,0.01,0,1,1,1,83,49,0.0,0.0,13,0,0.0,4,0.0,2,1,1,3,9,5,2,8,6,3,0.0,5,0.0,0,2,0,0,0.0,0.0,0,0,0,,0,0,0,0,0.0,0.0,0.0,2,0,94,1,0,0,28.9,10.0,2.9,7.1,0.061,3.0
354,25-26-prem-leeds-united-vs-everton,78,0,0,0,0.0,0.02,0,0,0,1,72,50,0.0,0.0,6,0,0.0,3,0.0,0,1,2,0,0,0,0,6,2,4,0.0,2,0.0,1,1,0,0,0.0,0.0,0,0,0,,0,0,0,0,0.0,0.0,0.0,3,0,78,0,0,0,31.5,8.8,2.2,6.6,0.077,3.0
287,25-26-prem-leeds-united-vs-everton,90,0,0,0,0.0,0.0,0,0,0,0,65,38,0.0,0.0,9,0,0.0,9,0.0,0,0,7,0,3,0,0,0,0,0,0.0,0,0.0,0,0,2,1,1.07,0.07,1,38,9,,1,0,0,0,0.0,0.0,0.0,0,0,94,1,0,0,23.8,5.6,3.7,1.9,0.0,0.0
295,25-26-prem-leeds-united-vs-everton,90,0,0,0,0.0,0.0,0,1,0,2,71,49,0.0,0.0,4,0,0.0,2,0.0,0,0,3,1,8,5,0,2,2,1,0.0,1,0.0,0,1,0,0,0.0,0.0,0,0,0,,0,0,0,0,0.0,0.0,0.0,0,0,94,1,0,0,31.0,9.6,2.8,6.7,0.076,5.0
302,25-26-prem-leeds-united-vs-everton,90,0,0,1,0.05,0.12,0,0,0,1,59,41,0.0,1.0,5,1,0.0,0,0.0,0,0,3,0,1,0,0,2,1,2,0.0,0,0.0,1,0,0,0,0.0,0.0,0,0,0,,0,0,0,0,0.0,0.0,0.0,1,0,94,1,0,0,29.3,10.2,2.7,7.4,0.11,6.0
351,25-26-prem-leeds-united-vs-everton,67,0,0,3,0.13,0.01,0,0,0,3,52,28,0.0,0.0,1,0,0.0,2,0.0,3,2,1,0,0,0,1,4,6,4,0.0,0,0.0,0,0,0,0,0.0,0.0,0,0,0,,0,0,0,0,0.0,0.0,0.0,4,0,67,0,0,0,29.5,7.1,2.5,4.6,0.105,6.0
304,25-26-prem-leeds-united-vs-everton,71,0,0,0,0.0,0.0,0,0,0,0,30,14,0.0,0.0,1,0,0.0,0,0.0,2,0,3,1,2,2,0,3,4,3,0.0,0,0.0,0,2,0,0,0.0,0.0,0,0,0,,0,0,0,0,0.0,0.0,0.0,3,0,71,0,0,0,28.4,7.9,2.2,5.6,0.046,2.0
301,25-26-prem-leeds-united-vs-everton,86,0,0,1,0.01,0.01,1,2,0,3,41,20,0.0,0.0,2,0,0.0,0,0.0,0,0,4,1,0,0,3,6,4,4,0.0,2,0.0,1,0,0,0,0.0,0.0,0,0,0,,0,0,0,0,0.0,0.0,0.1,1,0,86,1,0,0,30.8,9.4,2.8,6.5,0.188,15.0
353,25-26-prem-leeds-united-vs-everton,78,0,0,2,0.14,0.05,0,0,0,3,31,9,0.0,1.0,3,1,0.0,0,0.0,0,0,1,0,1,1,1,1,3,0,0.0,1,0.0,0,0,0,0,0.0,0.0,0,0,0,,0,0,0,0,0.0,0.0,0.0,0,0,78,0,0,0,34.9,8.3,3.0,5.0,0.324,16.0
350,25-26-prem-leeds-united-vs-everton,24,0,0,0,0.0,0.21,0,0,0,3,15,5,0.0,2.0,0,1,0.0,0,0.0,1,0,0,0,0,0,1,3,3,3,0.0,0,0.0,1,1,0,0,0.0,0.0,0,0,0,,0,0,0,0,0.0,0.0,0.0,2,67,94,0,0,0,28.3,3.7,0.933,2.7,0.056,4.0
352,25-26-prem-leeds-united-vs-everton,13,0,0,0,0.0,0.0,0,0,0,1,10,5,0.0,0.0,1,0,0.0,0,0.0,0,0,0,0,0,0,0,2,0,1,0.0,1,0.0,0,0,0,0,0.0,0.0,0,0,0,,0,0,0,0,0.0,0.0,0.0,1,78,94,0,0,0,29.8,2.1,0.596,1.4,0.069,2.0
293,25-26-prem-leeds-united-vs-everton,90,0,0,1,0.2,0.01,0,0,0,1,60,12,0.0,0.0,5,0,0.0,1,0.0,1,0,4,0,2,1,0,7,7,3,0.0,4,0.0,1,1,0,0,0.0,0.0,0,0,0,,0,0,0,0,0.0,0.0,0.0,2,0,94,1,0,0,31.9,10.4,2.8,7.4,0.2,11.0
362,25-26-prem-leeds-united-vs-everton,78,0,0,3,0.33,0.04,1,0,1,4,27,15,0.0,0.0,2,0,0.0,1,0.0,0,0,3,0,0,0,1,1,7,0,0.0,1,0.0,0,1,0,0,0.0,0.0,0,0,0,,0,0,0,0,0.0,0.0,0.2,0,0,78,0,0,0,31.5,9.2,2.1,7.0,0.162,8.0
311,25-26-prem-leeds-united-vs-everton,90,0,0,1,0.06,0.01,0,0,0,2,22,5,0.0,0.0,0,0,0.0,0,0.0,1,0,1,1,2,2,0,7,10,1,0.0,6,0.0,0,1,0,0,0.0,0.0,0,0,0,,0,0,0,0,0.0,0.0,0.0,1,0,94,1,0,0,31.5,10.0,3.1,6.6,0.218,10.0
310,25-26-prem-leeds-united-vs-everton,5,0,0,0,0.0,0.0,0,0,0,1,4,1,0.0,0.0,0,0,0.0,0,0.0,0,0,0,0,0,0,0,0,2,0,0.0,0,0.0,0,0,0,0,0.0,0.0,0,0,0,,0,0,0,0,0.0,0.0,0.0,0,86,94,0,0,0,27.8,1.3,0.366,0.877,0.032,2.0
