player_id,match_id,minutes_played,goals,assists,total_shots,xg,xa,xgot,shots_on_target,successful_dribbles,big_chances_missed,touches_opposition_box,touches,accurate_passes,chances_created,final_third_passes,accurate_crosses,accurate_long_balls,tackles_won,interceptions,recoveries,blocks,clearances,headed_clearances,dribbled_past,duels_won,duels_lost,ground_duels_won,aerial_duels_won,was_fouled,fouls_committed,saves,goals_conceded,xgot_faced,goals_prevented,sweeper_actions,gk_accurate_passes,gk_accurate_long_balls,offsides,high_claim,tackles,accurate_passes_percent,accurate_crosses_percent,accurate_long_balls_percent,ground_duels_won_percent,aerial_duels_won_percent,successful_dribbles_percent,tackles_won_percent,start_min,finish_min,team_goals_conceded,penalties_scored,penalties_missed
63,24-25-prem-afc-bournemouth-vs-west-ham-united,90,0,0,6,0.23,0.48,0.43,2,1,0,6,83,39,5,15,4,6,3,1,7,0,4,4,1,7,6,6,1,2,1,0,0,0.0,0.0,0,0,0,0,0,3,83,50,60,55,50,33,100,0,95,1,0,0
521,24-25-prem-afc-bournemouth-vs-west-ham-united,90,0,0,0,0.0,0.0,0.0,0,0,0,0,51,15,0,9,0,5,0,0,10,0,0,0,0,0,0,0,0,0,0,8,1,2.07,1.07,0,15,5,0,1,0,43,0,20,0,0,0,0,0,95,1,0,0
64,24-25-prem-afc-bournemouth-vs-west-ham-united,90,0,0,0,0.0,0.05,0.0,0,0,0,0,70,35,2,6,1,4,1,2,8,0,2,2,0,6,2,4,2,0,1,0,0,0.0,0.0,0,0,0,0,0,4,73,17,67,80,67,0,25,0,95,1,0,0
516,24-25-prem-afc-bournemouth-vs-west-ham-united,90,0,0,2,0.14,0.08,0.0,0,2,0,2,61,18,1,6,2,0,2,0,4,2,5,4,1,10,2,4,6,0,0,0,0,0.0,0.0,0,0,0,0,0,2,58,50,0,80,86,100,100,0,95,1,0,0
525,24-25-prem-afc-bournemouth-vs-west-ham-united,75,0,0,1,0.08,0.25,0.0,0,3,0,1,52,26,3,5,1,1,0,0,11,0,0,0,0,7,6,7,0,3,1,0,0,0.0,0.0,0,0,0,0,0,1,84,33,50,54,0,38,0,0,75,0,0,0
527,24-25-prem-afc-bournemouth-vs-west-ham-united,90,1,0,3,0.88,0.15,0.71,1,0,0,6,51,27,3,4,1,1,0,1,0,0,2,1,1,2,7,1,1,1,2,0,0,0.0,0.0,0,0,0,0,0,0,73,33,33,25,20,0,0,0,95,1,1,0
511,24-25-prem-afc-bournemouth-vs-west-ham-united,75,0,0,1,0.02,0.01,0.0,0,2,0,0,49,32,0,3,0,0,0,0,8,1,2,1,0,4,2,2,2,0,1,0,0,0.0,0.0,0,0,0,0,0,0,76,0,0,67,67,100,0,0,75,0,0,0
388,24-25-prem-afc-bournemouth-vs-west-ham-united,89,0,0,0,0.0,0.11,0.0,0,1,0,1,53,33,1,6,1,1,1,3,9,0,1,1,0,2,5,2,0,0,1,0,0,0.0,0.0,0,0,0,0,0,1,85,33,25,50,0,50,100,0,95,1,0,0
152,24-25-prem-afc-bournemouth-vs-west-ham-united,90,0,0,0,0.0,0.0,0.0,0,0,0,0,43,24,0,3,0,11,0,0,13,0,1,0,0,2,0,0,2,0,0,2,1,1.42,0.42,1,24,11,0,0,0,69,0,50,0,100,0,0,0,95,1,0,0
78,24-25-prem-afc-bournemouth-vs-west-ham-united,68,0,0,5,0.44,0.06,0.17,2,1,1,9,43,15,1,5,0,0,0,0,2,0,2,0,0,8,4,4,4,3,0,0,0,0.0,0.0,0,0,0,0,0,0,71,0,0,50,100,50,0,0,68,0,0,0
514,24-25-prem-afc-bournemouth-vs-west-ham-united,90,0,0,3,0.28,0.25,0.17,1,1,0,6,41,21,1,0,1,0,0,1,5,0,0,0,0,1,4,1,0,0,1,0,0,0.0,0.0,0,0,0,0,0,0,75,50,0,20,0,33,0,0,95,1,0,0
580,24-25-prem-afc-bournemouth-vs-west-ham-united,90,0,0,0,0.0,0.01,0.0,0,0,0,1,76,49,1,10,0,6,0,2,7,2,4,1,0,0,4,0,0,0,0,0,0,0.0,0.0,0,0,0,0,0,0,75,0,46,0,0,0,0,0,95,1,0,0
74,24-25-prem-afc-bournemouth-vs-west-ham-united,90,0,0,5,0.39,0.15,0.4,2,0,1,5,56,21,3,1,2,2,2,1,1,2,1,1,3,8,10,4,4,0,0,0,0,0.0,0.0,0,0,0,0,0,4,68,50,50,50,40,0,50,0,95,1,0,0
85,24-25-prem-afc-bournemouth-vs-west-ham-united,90,0,0,1,0.12,0.0,0.0,0,0,0,1,63,41,0,6,0,2,1,0,6,2,4,1,2,4,3,1,3,0,0,0,0,0.0,0.0,0,0,0,0,0,1,77,0,29,33,75,0,100,0,95,1,0,0
70,24-25-prem-afc-bournemouth-vs-west-ham-united,90,0,0,1,0.03,0.03,0.0,0,0,0,3,53,24,2,4,1,1,0,0,5,1,4,1,0,2,2,2,0,2,0,0,0,0.0,0.0,0,0,0,0,0,0,77,25,25,67,0,0,0,0,95,1,0,0
65,24-25-prem-afc-bournemouth-vs-west-ham-united,10,1,0,2,0.09,0.0,0.26,1,0,0,0,7,1,0,1,0,0,0,0,1,0,0,0,0,1,3,1,0,1,0,0,0,0.0,0.0,0,0,0,0,0,0,33,0,0,100,0,0,0,80,95,1,0,0
524,24-25-prem-afc-bournemouth-vs-west-ham-united,90,0,0,2,0.41,0.01,0.54,1,0,0,2,62,34,0,8,0,6,0,0,5,5,7,6,0,8,4,3,5,0,2,0,0,0.0,0.0,0,0,0,0,0,3,79,0,46,60,71,0,0,0,95,1,0,0
530,24-25-prem-afc-bournemouth-vs-west-ham-united,90,0,0,1,0.04,0.01,0.0,0,1,0,1,44,17,0,9,1,0,1,2,4,1,5,2,0,5,5,2,3,0,0,0,0,0.0,0.0,0,0,0,0,0,1,59,33,0,67,43,100,100,0,95,1,0,0
617,24-25-prem-afc-bournemouth-vs-west-ham-united,80,0,0,2,0.18,0.31,0.46,1,0,0,6,23,11,3,2,0,0,0,0,4,0,0,0,0,3,5,2,1,2,1,0,0,0.0,0.0,0,0,0,0,0,0,85,0,0,100,17,0,0,0,80,0,0,0
528,24-25-prem-afc-bournemouth-vs-west-ham-united,90,0,0,1,0.05,0.01,0.0,0,0,0,1,63,40,1,10,0,6,1,1,3,2,4,3,0,4,3,1,3,1,1,0,0,0.0,0.0,0,0,0,0,0,1,78,0,46,33,75,0,100,0,95,1,0,0
76,24-25-prem-afc-bournemouth-vs-west-ham-united,10,0,0,1,0.31,0.03,0.0,0,0,0,2,11,4,2,3,0,1,0,1,2,0,0,0,0,1,0,0,1,0,0,0,0,0.0,0.0,0,0,0,0,0,0,67,0,100,0,100,0,0,80,95,1,0,0
71,24-25-prem-afc-bournemouth-vs-west-ham-united,80,0,0,3,0.13,0.03,0.34,1,0,0,2,39,20,0,2,0,0,0,2,2,0,1,1,2,1,5,0,1,0,0,0,0,0.0,0.0,0,0,0,0,0,0,77,0,0,0,33,0,0,0,80,0,0,0
81,24-25-prem-afc-bournemouth-vs-west-ham-united,68,0,0,0,0.0,0.0,0.0,0,0,0,1,35,20,0,4,0,2,0,0,0,0,2,2,2,0,3,0,0,0,1,0,0,0.0,0.0,0,0,0,0,0,0,77,0,33,0,0,0,0,0,68,0,0,0
589,24-25-prem-afc-bournemouth-vs-west-ham-united,34,0,0,1,0.13,0.04,0.0,0,0,0,3,16,7,2,0,0,0,1,0,0,0,1,1,0,3,5,1,2,0,0,0,0,0.0,0.0,0,0,0,0,0,1,78,0,0,50,33,0,100,56,95,1,0,0
654,24-25-prem-afc-bournemouth-vs-west-ham-united,56,0,0,1,0.03,0.24,0.0,0,0,0,1,44,29,1,4,1,2,0,0,2,2,1,1,0,1,3,0,1,0,2,0,0,0.0,0.0,0,0,0,0,0,0,88,25,67,0,100,0,0,0,56,0,0,0
62,24-25-prem-afc-bournemouth-vs-west-ham-united,22,0,0,2,0.06,0.01,0.0,0,1,0,3,19,6,0,0,0,0,0,0,1,0,0,0,0,4,2,2,2,1,1,0,0,0.0,0.0,0,0,0,0,0,0,67,0,0,50,100,50,0,68,95,1,0,0
677,24-25-prem-afc-bournemouth-vs-west-ham-united,15,0,0,0,0.0,0.0,0.0,0,0,0,0,14,4,0,2,0,0,0,0,2,0,0,0,0,1,1,1,0,0,0,0,0,0.0,0.0,0,0,0,0,0,1,44,0,0,100,0,0,0,75,95,1,0,0
587,24-25-prem-afc-bournemouth-vs-west-ham-united,15,0,0,0,0.0,0.0,0.0,0,0,0,0,7,2,0,0,0,0,0,0,0,1,0,0,1,1,1,1,0,0,0,0,0,0.0,0.0,0,0,0,0,0,1,67,0,0,50,0,0,0,75,95,1,0,0
60,24-25-prem-afc-bournemouth-vs-west-ham-united,22,0,0,1,0.03,0.01,0.0,0,0,0,1,29,21,0,0,0,0,1,1,0,0,0,0,0,1,1,1,0,0,1,0,0,0.0,0.0,0,0,0,0,0,1,95,0,0,50,0,0,100,68,95,1,0,0
643,24-25-prem-afc-bournemouth-vs-west-ham-united,1,0,0,0,0.0,0.0,0.0,0,0,0,0,1,0,0,0,0,0,0,0,0,0,1,1,0,1,0,0,1,0,0,0,0,0.0,0.0,0,0,0,0,0,0,0,0,0,0,100,0,0,95,95,0,0,0
235,24-25-prem-arsenal-vs-everton,90,0,0,0,0.0,0.0,0.0,0,0,0,0,49,14,0,11,0,6,0,0,10,0,5,0,0,0,1,0,0,0,0,5,0,1.81,1.81,1,14,6,0,3,0,44,0,25,0,0,0,0,0,90,0,0,0
17,24-25-prem-arsenal-vs-everton,90,0,0,3,0.33,0.56,0.37,1,6,0,10,78,37,3,2,3,1,1,0,4,0,0,0,0,11,3,10,1,2,0,0,0,0.0,0.0,0,0,0,0,0,2,84,30,33,77,100,86,50,0,90,0,0,0
3,24-25-prem-arsenal-vs-everton,90,0,0,0,0.0,0.04,0.0,0,1,0,4,117,92,1,21,0,4,3,0,2,1,1,1,1,9,5,6,3,2,0,0,0,0.0,0.0,0,0,0,0,0,3,95,0,50,75,50,100,100,0,90,0,0,0
18,24-25-prem-arsenal-vs-everton,90,0,0,0,0.0,0.04,0.0,0,0,0,3,118,104,0,10,0,3,1,0,11,1,2,0,0,4,4,2,2,0,1,0,0,0.0,0.0,0,0,0,0,0,2,95,0,60,50,50,0,50,0,90,0,0,0
238,24-25-prem-arsenal-vs-everton,90,0,0,0,0.0,0.0,0.0,0,0,0,0,42,7,0,8,0,2,4,1,4,0,5,1,0,7,2,7,0,0,2,0,0,0.0,0.0,0,0,0,0,0,7,54,0,29,78,0,0,57,0,90,0,0,0
232,24-25-prem-arsenal-vs-everton,90,0,0,0,0.0,0.01,0.0,0,2,0,0,40,17,0,3,0,2,3,1,9,0,1,0,2,7,4,7,0,0,0,0,0,0.0,0.0,0,0,0,0,0,5,85,0,67,64,0,67,60,0,90,0,0,0
222,24-25-prem-arsenal-vs-everton,90,0,0,0,0.0,0.01,0.0,0,4,0,0,46,30,0,0,0,0,2,0,11,0,0,0,0,9,5,9,0,2,1,0,0,0.0,0.0,0,0,0,0,0,3,94,0,0,69,0,100,67,0,90,0,0,0
597,24-25-prem-arsenal-vs-everton,69,0,0,0,0.0,0.06,0.0,0,0,0,0,67,55,1,7,0,1,1,0,4,0,0,0,0,4,2,4,0,2,0,0,0,0.0,0.0,0,0,0,0,0,2,98,0,100,80,0,0,50,0,69,0,0,0
16,24-25-prem-arsenal-vs-everton,62,0,0,1,0.03,0.06,0.0,0,0,0,0,79,65,1,12,0,3,1,0,2,0,2,2,0,1,0,1,0,0,0,0,0,0.0,0.0,0,0,0,0,0,1,92,0,60,100,0,0,100,0,62,0,0,0
633,24-25-prem-arsenal-vs-everton,69,0,0,1,0.11,0.17,0.35,1,1,0,5,37,19,2,0,1,0,0,0,4,0,1,1,0,4,2,2,2,0,0,0,0,0.0,0.0,0,0,0,0,0,1,83,33,0,67,67,100,0,0,69,0,0,0
6,24-25-prem-arsenal-vs-everton,90,0,0,0,0.0,0.31,0.0,0,2,0,7,96,65,0,8,0,0,1,0,2,0,0,0,0,6,6,5,1,0,2,0,0,0.0,0.0,0,0,0,0,0,3,90,0,0,50,50,67,33,0,90,0,0,0
231,24-25-prem-arsenal-vs-everton,90,0,0,1,0.0,0.01,0.0,0,0,0,0,38,8,0,4,0,0,4,2,2,0,6,2,3,5,10,5,0,1,2,0,0,0.0,0.0,0,0,0,0,0,4,62,0,0,42,0,0,100,0,90,0,0,0
219,24-25-prem-arsenal-vs-everton,90,0,0,0,0.0,0.0,0.0,0,0,0,0,35,20,0,2,0,1,0,1,2,1,6,3,1,3,2,2,1,1,0,0,0,0.0,0.0,0,0,0,0,0,1,87,0,33,67,50,0,0,0,90,0,0,0
236,24-25-prem-arsenal-vs-everton,90,0,0,0,0.0,0.07,0.0,0,0,0,3,30,12,0,3,0,1,1,0,1,3,7,7,1,4,3,1,3,0,1,0,0,0.0,0.0,0,0,0,0,0,1,71,0,33,33,75,0,100,0,90,0,0,0
15,24-25-prem-arsenal-vs-everton,90,0,0,0,0.0,0.0,0.0,0,0,0,0,32,23,0,1,0,2,0,0,10,0,0,0,0,0,0,0,0,0,0,0,0,0.0,0.0,0,23,2,0,1,0,96,0,67,0,0,0,0,0,90,0,0,0
4,24-25-prem-arsenal-vs-everton,90,0,0,1,0.06,0.09,0.37,1,0,0,4,39,26,2,1,0,0,0,0,1,0,0,0,0,5,4,1,4,1,1,0,0,0.0,0.0,0,0,0,0,0,0,93,0,0,25,80,0,0,0,90,0,0,0
20,24-25-prem-arsenal-vs-everton,21,0,0,0,0.0,0.02,0.0,0,1,0,1,36,29,0,7,0,1,1,0,3,0,1,1,0,2,1,2,0,0,0,0,0,0.0,0.0,0,0,0,0,0,1,94,0,100,67,0,50,100,69,90,0,0,0
577,24-25-prem-arsenal-vs-everton,24,0,0,0,0.0,0.01,0.0,0,0,0,0,11,0,0,1,1,0,3,0,2,0,1,0,3,3,3,3,0,0,0,0,0,0.0,0.0,0,0,0,0,0,3,0,100,0,50,0,0,100,66,90,0,0,0
217,24-25-prem-arsenal-vs-everton,90,0,0,1,0.09,0.0,0.0,0,0,0,2,29,14,0,0,0,0,1,1,6,1,3,1,2,2,4,2,0,0,1,0,0,0.0,0.0,0,0,0,0,0,2,74,0,0,40,0,0,50,0,90,0,0,0
23,24-25-prem-arsenal-vs-everton,16,0,0,0,0.0,0.17,0.0,0,2,0,0,21,7,1,1,2,0,0,0,0,0,0,0,0,2,2,2,0,0,0,0,0,0.0,0.0,0,0,0,0,0,0,78,67,0,50,0,50,0,74,90,0,0,0
651,24-25-prem-arsenal-vs-everton,90,0,0,0,0.0,0.01,0.0,0,0,0,2,22,13,1,3,0,0,0,0,1,0,3,0,0,0,2,0,0,0,0,0,0,0.0,0.0,0,0,0,0,0,0,87,0,0,0,0,0,0,0,90,0,0,0
13,24-25-prem-arsenal-vs-everton,62,0,0,3,0.42,0.06,0.6,1,0,1,5,57,36,0,2,0,1,1,0,2,0,0,0,2,3,5,2,1,0,0,0,0,0.0,0.0,0,0,0,0,0,2,88,0,50,29,100,0,50,0,62,0,0,0
9,24-25-prem-arsenal-vs-everton,74,0,0,2,0.12,0.1,0.11,1,0,0,6,45,23,2,0,1,0,0,0,4,0,0,0,0,1,7,1,0,1,0,0,0,0.0,0.0,0,0,0,0,0,0,88,33,0,13,0,0,0,0,74,0,0,0
7,24-25-prem-arsenal-vs-everton,28,0,0,0,0.0,0.02,0.0,0,0,0,0,42,35,0,5,0,1,0,0,5,0,0,0,3,2,4,1,1,1,1,0,0,0.0,0.0,0,0,0,0,0,1,92,0,100,20,100,0,0,62,90,0,0,0
220,24-25-prem-arsenal-vs-everton,66,0,0,0,0.0,0.0,0.0,0,1,0,1,17,7,0,1,0,0,0,0,3,0,0,0,0,3,5,2,1,1,1,0,0,0.0,0.0,0,0,0,0,0,0,64,0,0,67,20,100,0,0,66,0,0,0
156,24-25-prem-arsenal-vs-everton,24,0,0,0,0.0,0.0,0.0,0,3,0,0,15,2,0,1,0,0,0,0,0,0,1,1,0,7,7,4,3,0,1,0,0,0.0,0.0,0,0,0,0,0,1,67,0,0,44,60,75,0,66,90,0,0,0
224,24-25-prem-arsenal-vs-everton,66,0,0,0,0.0,0.0,0.0,0,0,0,0,23,5,0,1,0,1,2,1,1,0,1,0,1,3,6,2,1,0,0,0,0,0.0,0.0,0,0,0,0,0,2,56,0,33,25,100,0,100,0,66,0,0,0
2,24-25-prem-arsenal-vs-everton,21,0,0,2,0.15,0.02,0.0,0,0,0,4,13,7,0,1,0,1,0,0,0,0,0,0,0,0,2,0,0,0,1,0,0,0.0,0.0,0,0,0,0,0,0,100,0,100,0,0,0,0,69,90,0,0,0
12,24-25-prem-arsenal-vs-everton,28,0,0,0,0.0,0.01,0.0,0,0,0,0,10,8,0,1,0,1,0,0,0,0,0,0,4,0,6,0,0,0,0,0,0,0.0,0.0,0,0,0,0,0,0,100,0,100,0,0,0,0,62,90,0,0,0
585,24-25-prem-brighton-&-hove-albion-vs-crystal-palace,89,2,1,5,0.96,0.03,1.19,3,1,0,8,41,10,2,1,0,0,1,1,6,2,1,0,1,7,4,5,2,2,2,0,0,0.0,0.0,0,0,0,0,0,2,48,0,0,56,100,50,50,0,92,1,0,0
201,24-25-prem-brighton-&-hove-albion-vs-crystal-palace,90,0,0,0,0.0,0.0,0.0,0,0,0,0,49,18,0,9,0,5,1,0,10,0,0,0,0,2,0,1,1,0,0,5,1,1.05,1.05,1,18,5,0,1,1,49,0,21,100,100,0,100,0,92,1,0,0
159,24-25-prem-brighton-&-hove-albion-vs-crystal-palace,90,1,0,1,0.41,0.0,0.69,1,0,0,2,51,26,0,1,0,0,2,2,0,2,8,2,3,4,4,3,1,1,0,0,0,0.0,0.0,0,0,0,0,0,2,81,0,0,50,50,0,100,0,92,1,0,0
210,24-25-prem-brighton-&-hove-albion-vs-crystal-palace,85,0,1,0,0.0,0.47,0.0,0,0,0,2,46,14,2,1,1,2,2,0,6,0,4,0,0,3,4,3,0,1,1,0,0,0.0,0.0,0,0,0,0,0,2,61,50,33,50,0,0,100,0,85,0,0,0
199,24-25-prem-brighton-&-hove-albion-vs-crystal-palace,60,0,0,1,0.07,0.02,0.0,0,1,0,2,38,22,1,1,0,0,4,0,2,0,0,0,0,7,1,7,0,1,0,0,0,0.0,0.0,0,0,0,0,0,5,92,0,0,88,0,50,80,0,60,0,0,0
11,24-25-prem-brighton-&-hove-albion-vs-crystal-palace,30,0,1,3,0.47,0.07,0.0,0,1,1,4,22,7,3,1,0,0,0,0,3,0,0,0,0,6,4,4,2,2,2,0,0,0.0,0.0,0,0,0,0,0,1,88,0,0,57,67,50,0,60,92,1,0,0
136,24-25-prem-brighton-&-hove-albion-vs-crystal-palace,90,0,0,3,0.17,0.15,0.1,1,5,0,10,56,32,4,0,0,0,2,0,3,0,0,0,0,8,7,7,1,0,2,0,0,0.0,0.0,0,0,0,0,0,2,89,0,0,54,50,56,100,0,92,3,0,0
650,24-25-prem-brighton-&-hove-albion-vs-crystal-palace,90,0,0,0,0.0,0.0,0.0,0,0,0,0,47,31,0,4,0,3,0,1,2,1,10,3,0,2,2,1,1,0,1,0,0,0.0,0.0,0,0,0,0,0,1,94,0,60,50,50,0,0,0,92,1,0,0
211,24-25-prem-brighton-&-hove-albion-vs-crystal-palace,90,0,0,1,0.19,0.09,0.25,1,0,1,2,46,20,2,3,1,0,1,1,5,0,1,1,2,6,8,4,2,1,1,0,0,0.0,0.0,0,0,0,0,0,3,80,100,0,40,50,0,33,0,92,1,0,0
121,24-25-prem-brighton-&-hove-albion-vs-crystal-palace,45,0,0,3,0.17,0.04,0.83,3,3,0,2,43,27,1,5,0,1,0,0,3,0,0,0,0,3,2,3,0,0,0,0,0,0.0,0.0,0,0,0,0,0,0,82,0,50,60,0,100,0,46,92,1,0,0
206,24-25-prem-brighton-&-hove-albion-vs-crystal-palace,90,0,0,0,0.0,0.02,0.0,0,1,0,2,34,17,0,5,0,1,0,2,2,2,1,0,3,3,5,3,0,2,0,0,0,0.0,0.0,0,0,0,0,0,0,68,0,17,43,0,50,0,0,92,1,0,0
129,24-25-prem-brighton-&-hove-albion-vs-crystal-palace,90,0,0,2,0.1,0.18,0.0,0,2,0,6,57,33,2,2,1,0,0,0,0,0,0,0,0,5,3,5,0,3,1,0,0,0.0,0.0,0,0,0,0,0,0,77,20,0,63,0,100,0,0,92,3,0,0
115,24-25-prem-brighton-&-hove-albion-vs-crystal-palace,88,0,0,2,0.05,0.01,0.0,0,3,0,0,67,36,1,5,0,2,2,3,9,0,0,0,1,10,5,10,0,4,0,0,0,0.0,0.0,0,0,0,0,0,3,92,0,67,67,0,60,67,0,88,3,0,0
600,24-25-prem-brighton-&-hove-albion-vs-crystal-palace,72,0,0,1,0.13,0.18,0.0,0,0,0,3,50,32,2,7,1,0,2,0,5,0,1,0,1,3,1,3,0,0,0,0,0,0.0,0.0,0,0,0,0,0,3,84,25,0,75,0,0,67,0,72,2,0,0
135,24-25-prem-brighton-&-hove-albion-vs-crystal-palace,72,0,0,0,0.0,0.08,0.0,0,2,0,3,27,7,0,1,0,1,2,0,3,0,0,0,0,6,4,5,1,0,1,0,0,0.0,0.0,0,0,0,0,0,3,78,0,100,63,50,50,67,0,72,2,0,0
203,24-25-prem-brighton-&-hove-albion-vs-crystal-palace,85,0,0,0,0.0,0.1,0.0,0,0,0,0,34,14,1,4,1,0,2,0,3,0,0,0,3,6,9,6,0,1,3,0,0,0.0,0.0,0,0,0,0,0,5,74,50,0,40,0,0,40,0,85,0,0,0
205,24-25-prem-brighton-&-hove-albion-vs-crystal-palace,30,0,0,0,0.0,0.19,0.0,0,0,0,0,13,9,1,1,1,0,1,1,4,0,0,0,2,1,4,1,0,0,0,0,0,0.0,0.0,0,0,0,0,0,1,100,100,0,25,0,0,100,60,92,1,0,0
122,24-25-prem-brighton-&-hove-albion-vs-crystal-palace,90,0,0,1,0.02,0.2,0.0,0,0,0,0,103,73,1,8,3,0,2,0,6,0,2,2,0,4,4,3,1,1,0,0,0,0.0,0.0,0,0,0,0,0,2,95,50,0,60,33,0,100,0,92,3,0,0
595,24-25-prem-brighton-&-hove-albion-vs-crystal-palace,18,0,0,1,0.05,0.05,0.0,0,1,0,2,15,7,0,3,0,0,0,0,0,0,0,0,0,1,1,1,0,0,0,0,0,0.0,0.0,0,0,0,0,0,0,70,0,0,50,0,100,0,72,92,1,0,0
113,24-25-prem-brighton-&-hove-albion-vs-crystal-palace,18,0,0,0,0.0,0.11,0.0,0,0,0,1,9,6,0,0,1,0,0,0,0,0,0,0,0,0,0,0,0,0,0,0,0,0.0,0.0,0,0,0,0,0,0,86,100,0,0,0,0,0,72,92,1,0,0
123,24-25-prem-brighton-&-hove-albion-vs-crystal-palace,18,0,0,0,0.0,0.09,0.0,0,0,0,2,7,5,1,0,0,0,0,0,0,0,0,0,0,0,1,0,0,0,0,0,0,0.0,0.0,0,0,0,0,0,0,100,0,0,0,0,0,0,72,92,1,0,0
131,24-25-prem-brighton-&-hove-albion-vs-crystal-palace,45,0,0,1,0.08,0.01,0.0,0,0,0,0,31,14,0,1,0,0,1,1,2,0,1,0,0,2,5,2,0,1,1,0,0,0.0,0.0,0,0,0,0,0,1,82,0,0,33,0,0,100,0,46,2,0,0
618,24-25-prem-brighton-&-hove-albion-vs-crystal-palace,72,0,0,1,0.02,0.0,0.0,0,0,0,1,28,8,0,4,0,0,1,0,1,0,1,1,1,7,10,6,1,3,2,0,0,0.0,0.0,0,0,0,0,0,3,67,0,0,50,20,0,33,0,72,2,0,0
207,24-25-prem-brighton-&-hove-albion-vs-crystal-palace,60,0,0,1,0.03,0.0,0.0,0,0,0,0,23,6,0,2,0,0,1,0,1,1,0,0,1,5,14,1,4,0,3,0,0,0.0,0.0,0,0,0,0,0,1,60,0,0,10,44,0,100,0,60,0,0,0
120,24-25-prem-brighton-&-hove-albion-vs-crystal-palace,90,0,0,2,0.21,0.02,0.12,1,0,1,2,121,104,0,14,0,4,1,0,3,2,2,2,1,6,7,2,4,1,2,0,0,0.0,0.0,0,0,0,0,0,1,95,0,50,33,57,0,100,0,92,3,0,0
146,24-25-prem-brighton-&-hove-albion-vs-crystal-palace,90,0,0,0,0.0,0.0,0.0,0,0,0,0,40,23,0,2,0,2,0,0,9,0,2,0,0,2,0,0,2,0,0,2,3,2.13,-0.87,0,23,2,0,1,0,79,0,25,0,100,0,0,0,92,3,0,0
200,24-25-prem-brighton-&-hove-albion-vs-crystal-palace,90,0,0,0,0.0,0.0,0.0,0,1,0,0,48,30,0,0,0,0,0,0,2,0,3,1,1,3,5,1,2,0,2,0,0,0.0,0.0,0,0,0,0,0,0,79,0,0,17,100,50,0,0,92,1,0,0
144,24-25-prem-brighton-&-hove-albion-vs-crystal-palace,90,0,0,0,0.0,0.05,0.0,0,0,0,2,106,84,1,17,0,4,2,1,4,1,2,1,1,6,6,3,3,0,2,0,0,0.0,0.0,0,0,0,0,0,3,90,0,50,50,50,0,67,0,92,3,0,0
196,24-25-prem-brighton-&-hove-albion-vs-crystal-palace,5,0,0,0,0.0,0.0,0.0,0,0,0,0,3,0,0,1,0,0,1,0,0,0,0,0,0,1,0,1,0,0,0,0,0,0.0,0.0,0,0,0,0,0,1,0,0,0,100,0,0,100,85,92,1,0,0
193,24-25-prem-brighton-&-hove-albion-vs-crystal-palace,5,0,0,1,0.19,0.0,0.0,0,0,0,1,3,1,0,0,0,0,0,0,0,0,0,0,0,0,0,0,0,0,0,0,0,0.0,0.0,0,0,0,0,0,0,50,0,0,0,0,0,0,85,92,1,0,0
149,24-25-prem-brighton-&-hove-albion-vs-crystal-palace,2,0,0,0,0.0,0.01,0.0,0,0,0,0,15,12,0,2,0,1,1,0,2,0,0,0,0,1,0,1,0,0,0,0,0,0.0,0.0,0,0,0,0,0,1,100,0,100,100,0,0,100,88,92,0,0,0
645,24-25-prem-brighton-&-hove-albion-vs-crystal-palace,1,0,0,0,0.0,0.0,0.0,0,0,0,0,1,0,0,0,0,0,0,0,0,0,1,0,0,0,0,0,0,0,0,0,0,0.0,0.0,0,0,0,0,0,0,0,0,0,0,0,0,0,92,92,0,0,0
185,24-25-prem-chelsea-vs-brentford,90,0,0,0,0.0,0.0,0.0,0,0,0,0,57,19,0,8,0,4,0,0,14,0,1,0,0,2,0,1,1,1,0,3,1,1.73,0.73,2,19,4,0,6,0,54,0,20,100,100,0,0,0,98,1,0,0
180,24-25-prem-chelsea-vs-brentford,83,1,0,7,1.13,0.0,0.46,2,1,1,11,36,9,0,1,0,0,1,0,2,0,2,2,1,5,5,4,1,0,1,0,0,0.0,0.0,0,0,0,0,0,3,53,0,0,50,50,33,33,0,83,0,0,0
177,24-25-prem-chelsea-vs-brentford,90,0,1,7,0.48,0.11,0.51,2,1,1,12,54,29,2,1,2,0,0,0,3,0,0,0,0,3,6,2,1,1,2,0,0,0.0,0.0,0,0,0,0,0,0,94,40,0,40,25,33,0,0,98,1,0,0
157,24-25-prem-chelsea-vs-brentford,90,0,0,1,0.01,0.06,0.04,1,0,0,1,84,56,2,11,0,3,2,4,13,0,0,0,1,6,8,3,3,1,2,0,0,0.0,0.0,0,0,0,0,0,2,86,0,75,30,75,0,100,0,98,1,0,0
182,24-25-prem-chelsea-vs-brentford,90,0,0,4,0.21,0.33,0.23,1,1,0,4,63,35,4,6,3,4,0,0,2,0,1,0,0,3,1,3,0,1,0,0,0,0.0,0.0,0,0,0,0,0,1,92,33,80,75,0,50,0,0,98,1,0,0
168,24-25-prem-chelsea-vs-brentford,90,0,1,2,0.11,0.08,0.06,1,0,0,4,54,33,3,4,1,4,1,1,2,0,1,0,1,3,8,3,0,0,2,0,0,0.0,0.0,0,0,0,0,0,3,87,33,100,43,0,0,33,0,98,1,0,0
386,24-25-prem-chelsea-vs-brentford,90,0,0,1,0.03,0.56,0.0,0,2,0,9,69,48,4,2,0,1,0,0,7,0,0,0,0,3,4,3,0,1,0,0,0,0.0,0.0,0,0,0,0,0,0,87,0,100,43,0,40,0,0,98,1,0,0
99,24-25-prem-chelsea-vs-brentford,90,1,0,2,0.53,0.07,0.61,2,3,1,2,42,14,1,7,1,1,1,0,2,0,1,0,1,8,10,6,2,1,0,0,0,0.0,0.0,0,0,0,0,0,2,74,17,50,67,22,60,50,0,98,2,0,0
171,24-25-prem-chelsea-vs-brentford,90,0,0,1,0.03,0.27,0.0,0,0,0,3,92,66,2,14,3,1,1,1,9,1,2,0,0,2,3,2,0,0,1,0,0,0.0,0.0,0,0,0,0,0,2,93,38,33,50,0,0,50,0,98,1,0,0
187,24-25-prem-chelsea-vs-brentford,90,0,0,2,0.13,0.01,0.0,0,0,1,2,74,54,0,5,0,6,1,1,3,0,6,5,1,9,1,2,7,0,0,0,0,0.0,0.0,0,0,0,0,0,2,89,0,67,67,100,0,50,0,98,1,0,0
163,24-25-prem-chelsea-vs-brentford,89,1,0,1,0.12,0.02,0.35,1,0,0,3,63,33,1,5,0,0,2,1,5,0,2,2,0,7,7,4,3,2,3,0,0,0.0,0.0,0,0,0,0,0,2,92,0,0,57,43,0,100,0,98,1,0,0
162,24-25-prem-chelsea-vs-brentford,90,0,0,0,0.0,0.05,0.0,0,0,0,1,84,61,1,12,1,2,0,0,3,1,4,3,0,4,3,0,4,0,0,0,0,0.0,0.0,0,0,0,0,0,0,86,20,67,0,57,0,0,0,98,1,0,0
101,24-25-prem-chelsea-vs-brentford,90,0,0,2,0.32,0.02,0.6,1,0,1,2,53,30,0,2,0,2,1,1,5,0,5,1,0,5,1,4,1,2,1,0,0,0.0,0.0,0,0,0,0,0,2,88,0,100,80,100,0,50,0,98,2,0,0
106,24-25-prem-chelsea-vs-brentford,14,0,1,1,0.04,0.16,0.0,0,0,0,1,9,5,1,2,0,0,1,0,1,0,0,0,0,2,1,1,1,0,0,0,0,0.0,0.0,0,0,0,0,0,1,100,0,0,50,100,0,100,76,98,1,0,0
111,24-25-prem-chelsea-vs-brentford,75,0,0,0,0.0,0.01,0.0,0,0,0,0,40,25,0,5,0,2,1,0,11,1,1,1,0,3,1,2,1,1,0,0,0,0.0,0.0,0,0,0,0,0,1,81,0,67,67,100,0,100,0,75,1,0,0
338,24-25-prem-chelsea-vs-brentford,90,0,0,0,0.0,0.0,0.0,0,0,0,0,42,20,0,2,0,0,2,2,1,3,8,5,0,7,5,2,5,0,1,0,0,0.0,0.0,0,0,0,0,0,2,80,0,0,67,56,0,100,0,98,2,0,0
98,24-25-prem-chelsea-vs-brentford,86,0,0,1,0.03,0.0,0.52,1,1,0,0,33,12,0,2,0,0,0,2,4,1,3,3,0,2,3,2,0,1,1,0,0,0.0,0.0,0,0,0,0,0,0,80,0,0,50,0,50,0,0,86,2,0,0
110,24-25-prem-chelsea-vs-brentford,76,0,0,0,0.0,0.01,0.0,0,0,0,2,20,7,0,2,0,1,1,0,1,0,1,0,0,4,2,2,2,1,0,0,0,0.0,0.0,0,0,0,0,0,1,58,0,100,67,67,0,100,0,76,1,0,0
105,24-25-prem-chelsea-vs-brentford,76,0,0,0,0.0,0.2,0.0,0,0,0,1,31,16,2,2,1,1,0,0,1,1,1,1,0,1,1,1,0,0,0,0,0,0.0,0.0,0,0,0,0,0,1,80,100,50,100,0,0,0,0,76,1,0,0
88,24-25-prem-chelsea-vs-brentford,90,0,0,0,0.0,0.22,0.0,0,0,0,1,51,27,1,4,0,2,2,0,9,0,3,3,0,4,6,2,2,0,1,0,0,0.0,0.0,0,0,0,0,0,2,75,0,50,40,40,0,100,0,98,2,0,0
314,24-25-prem-chelsea-vs-brentford,15,0,0,1,0.48,0.01,0.0,0,0,1,2,14,5,0,0,0,0,0,0,2,0,0,0,0,1,2,1,0,1,1,0,0,0.0,0.0,0,0,0,0,0,0,71,0,0,33,0,0,0,75,98,1,0,0
94,24-25-prem-chelsea-vs-brentford,27,0,0,1,0.08,0.5,0.0,0,0,0,2,17,11,1,4,0,1,0,0,2,0,0,0,1,2,2,1,1,1,0,0,0,0.0,0.0,0,0,0,0,0,0,92,0,50,33,100,0,0,63,98,1,0,0
86,24-25-prem-chelsea-vs-brentford,14,0,0,0,0.0,0.19,0.0,0,0,0,1,15,7,1,0,1,0,1,0,3,0,0,0,0,2,3,1,1,0,2,0,0,0.0,0.0,0,0,0,0,0,1,64,100,0,25,100,0,100,76,98,1,0,0
91,24-25-prem-chelsea-vs-brentford,90,0,0,0,0.0,0.0,0.0,0,0,0,0,58,22,0,10,0,8,0,0,6,0,4,0,0,1,2,0,1,0,0,6,2,1.64,-0.36,0,22,8,0,0,0,51,0,30,0,100,0,0,0,98,2,0,0
89,24-25-prem-chelsea-vs-brentford,63,0,0,1,0.15,0.01,0.0,0,0,0,1,32,16,0,4,0,1,1,0,4,0,1,1,1,3,4,3,0,0,0,0,0,0.0,0.0,0,0,0,0,0,3,76,0,25,50,0,0,33,0,63,1,0,0
104,24-25-prem-chelsea-vs-brentford,90,0,0,0,0.0,0.02,0.0,0,0,0,2,55,30,0,0,0,1,1,1,0,2,9,2,0,4,4,2,2,1,0,0,0,0.0,0.0,0,0,0,0,0,1,91,0,50,50,50,0,100,0,98,2,0,0
181,24-25-prem-chelsea-vs-brentford,7,0,0,0,0.0,0.0,0.0,0,0,0,1,3,0,0,0,0,0,0,0,0,0,1,0,0,0,3,0,0,0,0,0,0,0.0,0.0,0,0,0,0,0,0,0,0,0,0,0,0,0,83,98,1,0,0
649,24-25-prem-chelsea-vs-brentford,4,0,0,0,0.0,0.0,0.0,0,0,0,0,3,3,0,0,0,0,0,0,1,0,0,0,0,0,0,0,0,0,0,0,0,0.0,0.0,0,0,0,0,0,0,100,0,0,0,0,0,0,86,98,0,0,0
255,24-25-prem-liverpool-vs-fulham,90,0,2,0,0.0,0.52,0.0,0,1,0,2,60,23,4,5,3,0,3,3,3,1,1,1,3,8,6,7,1,1,1,0,0,0.0,0.0,0,0,0,0,0,5,79,75,0,54,100,33,60,0,90,2,0,0
321,24-25-prem-liverpool-vs-fulham,70,1,0,3,0.58,0.01,1.13,3,2,0,4,37,14,1,0,0,0,0,1,2,0,0,0,0,5,2,4,1,1,0,0,0,0.0,0.0,0,0,0,0,0,1,82,0,0,67,100,67,0,0,70,1,0,0
317,24-25-prem-liverpool-vs-fulham,11,1,0,2,0.38,0.22,0.32,1,3,0,6,22,10,2,2,0,0,1,0,1,0,0,0,0,5,3,4,1,0,1,0,0,0.0,0.0,0,0,0,0,0,1,77,0,0,67,50,100,100,79,90,0,0,0
323,24-25-prem-liverpool-vs-fulham,90,0,0,0,0.0,0.06,0.0,0,2,0,0,83,65,0,9,0,2,1,3,8,1,1,1,0,8,5,5,3,1,2,0,0,0.0,0.0,0,0,0,0,0,2,96,0,100,50,100,40,50,0,90,2,0,0
240,24-25-prem-liverpool-vs-fulham,69,1,0,2,0.13,0.09,0.76,1,0,0,3,28,17,1,1,0,1,1,0,4,0,0,0,0,2,2,2,0,0,2,0,0,0.0,0.0,0,0,0,0,0,2,89,0,100,50,0,0,50,0,69,1,0,0
336,24-25-prem-liverpool-vs-fulham,79,0,0,0,0.0,0.44,0.0,0,1,0,1,54,33,3,5,1,3,2,0,6,0,0,0,1,5,2,5,0,2,0,0,0,0.0,0.0,0,0,0,0,0,2,79,100,60,83,0,100,100,0,79,2,0,0
328,24-25-prem-liverpool-vs-fulham,90,0,1,4,0.22,0.37,0.0,0,3,0,13,52,16,1,2,1,1,0,0,1,0,0,0,0,4,5,4,0,0,1,0,0,0.0,0.0,0,0,0,0,0,1,67,25,50,44,0,43,0,0,90,2,0,0
327,24-25-prem-liverpool-vs-fulham,90,0,0,2,0.64,0.04,0.0,0,1,1,3,30,15,1,3,1,3,0,0,1,0,0,0,0,4,2,2,2,2,2,0,0,0.0,0.0,0,0,0,0,0,0,79,50,100,50,100,100,0,0,90,2,0,0
319,24-25-prem-liverpool-vs-fulham,11,0,0,1,0.04,0.07,0.0,0,0,0,1,30,14,2,3,2,3,1,0,1,0,0,0,0,2,1,2,0,0,0,0,0,0.0,0.0,0,0,0,0,0,2,88,25,100,67,0,0,50,79,90,0,0,0
247,24-25-prem-liverpool-vs-fulham,90,0,0,2,0.08,0.06,0.0,0,2,0,3,59,32,1,9,1,5,0,0,5,1,0,0,0,3,4,3,0,1,0,0,0,0.0,0.0,0,0,0,0,0,0,84,50,83,60,0,100,0,0,90,2,0,0
316,24-25-prem-liverpool-vs-fulham,20,0,1,1,0.11,0.02,0.0,0,0,0,3,10,5,1,0,0,0,1,0,0,0,0,0,0,2,4,2,0,1,1,0,0,0.0,0.0,0,0,0,0,0,1,100,0,0,67,0,0,100,70,90,1,0,0
251,24-25-prem-liverpool-vs-fulham,22,1,0,1,0.28,0.0,0.97,1,0,0,1,10,2,0,0,0,0,0,0,0,0,0,0,0,2,6,1,1,1,0,0,0,0.0,0.0,0,0,0,0,0,0,100,0,0,33,20,0,0,68,90,1,0,0
322,24-25-prem-liverpool-vs-fulham,90,0,0,1,0.03,0.02,0.0,0,0,0,1,80,58,0,3,0,0,2,3,5,1,0,0,2,5,5,4,1,0,1,0,0,0.0,0.0,0,0,0,0,0,4,92,0,0,50,50,0,50,0,90,2,0,0
259,24-25-prem-liverpool-vs-fulham,87,0,0,4,0.62,0.02,0.0,0,3,0,4,40,18,1,1,0,1,0,1,4,0,0,0,0,5,6,5,0,2,0,0,0,0.0,0.0,0,0,0,0,0,0,75,0,33,50,0,43,0,0,87,2,0,0
586,24-25-prem-liverpool-vs-fulham,90,0,0,0,0.0,0.0,0.0,0,0,0,0,44,26,0,2,0,2,0,1,3,0,12,5,3,3,3,1,2,1,0,0,0,0.0,0.0,0,0,0,0,0,0,87,0,50,25,100,0,0,0,90,2,0,0
311,24-25-prem-liverpool-vs-fulham,79,0,0,0,0.0,0.08,0.0,0,0,0,0,83,55,1,21,1,7,0,0,5,2,2,0,1,0,1,0,0,0,0,0,0,0.0,0.0,0,0,0,0,0,0,83,14,50,0,0,0,0,0,79,2,0,0
310,24-25-prem-liverpool-vs-fulham,90,0,0,0,0.0,0.0,0.0,0,0,0,0,40,29,0,1,0,2,0,0,10,0,0,0,0,0,0,0,0,0,0,1,2,1.8,-0.2,2,29,2,0,1,0,94,0,50,0,0,0,0,0,90,2,0,0
257,24-25-prem-liverpool-vs-fulham,55,0,0,0,0.0,0.0,0.0,0,0,0,0,31,14,0,2,0,1,1,0,0,0,1,1,1,3,1,3,0,1,0,0,0,0.0,0.0,0,0,0,0,0,2,70,0,50,75,0,0,50,0,55,1,0,0
622,24-25-prem-liverpool-vs-fulham,90,0,0,0,0.0,0.01,0.0,0,1,0,0,43,30,0,1,0,0,2,0,5,0,3,2,2,4,5,3,1,0,2,0,0,0.0,0.0,0,0,0,0,0,2,91,0,0,38,100,50,100,0,90,2,0,0
248,24-25-prem-liverpool-vs-fulham,90,0,0,0,0.0,0.0,0.0,0,0,0,0,49,27,0,5,0,10,0,0,10,0,2,0,0,1,0,0,1,0,0,2,2,1.44,-0.56,1,27,10,0,1,0,69,0,48,0,100,0,0,0,90,2,0,0
249,24-25-prem-liverpool-vs-fulham,90,0,0,2,0.05,0.01,0.0,0,0,0,0,44,25,2,5,0,1,0,0,2,2,1,1,2,4,4,3,1,1,1,0,0,0.0,0.0,0,0,0,0,0,2,81,0,50,50,50,0,0,0,90,2,0,0
324,24-25-prem-liverpool-vs-fulham,70,0,0,1,0.04,0.02,0.0,0,0,0,2,54,46,0,5,0,1,0,0,3,0,0,0,2,1,3,0,1,0,1,0,0,0.0,0.0,0,0,0,0,0,0,96,0,100,0,100,0,0,0,70,1,0,0
339,24-25-prem-liverpool-vs-fulham,90,0,0,1,0.09,0.02,0.0,0,0,0,1,83,76,0,10,0,8,0,0,3,0,1,0,1,2,2,0,2,0,0,0,0,0.0,0.0,0,0,0,0,0,0,96,0,89,0,67,0,0,0,90,2,0,0
19,24-25-prem-liverpool-vs-fulham,21,0,0,0,0.0,0.02,0.0,0,0,0,0,6,3,1,1,0,0,0,0,1,0,0,0,0,1,1,1,0,0,0,0,0,0.0,0.0,0,0,0,0,0,1,60,0,0,100,0,0,0,69,90,1,0,0
244,24-25-prem-liverpool-vs-fulham,35,0,0,0,0.0,0.0,0.0,0,0,0,0,23,18,0,0,0,1,1,2,0,0,0,0,1,1,2,1,0,0,0,0,0,0.0,0.0,0,0,0,0,0,1,95,0,100,50,0,0,100,55,90,1,0,0
333,24-25-prem-liverpool-vs-fulham,20,0,0,0,0.0,0.0,0.0,0,0,0,0,36,24,0,3,0,0,0,1,0,0,2,1,0,2,3,0,2,0,0,0,0,0.0,0.0,0,0,0,0,0,0,89,0,0,0,50,0,0,70,90,1,0,0
245,24-25-prem-liverpool-vs-fulham,90,0,0,0,0.0,0.0,0.0,0,0,0,0,49,35,0,5,0,4,0,0,1,1,8,6,0,1,2,0,1,0,1,0,0,0.0,0.0,0,0,0,0,0,0,90,0,57,0,33,0,0,0,90,2,0,0
252,24-25-prem-liverpool-vs-fulham,68,0,0,0,0.0,0.0,0.0,0,0,0,3,20,10,0,1,0,0,0,0,2,0,1,0,0,1,5,0,1,0,0,0,0,0.0,0.0,0,0,0,0,0,0,83,0,0,0,33,0,0,0,68,1,0,0
335,24-25-prem-liverpool-vs-fulham,17,0,0,0,0.0,0.0,0.0,0,0,0,0,15,9,0,1,0,0,1,1,0,0,0,0,0,2,1,1,1,0,1,0,0,0.0,0.0,0,0,0,0,0,1,82,0,0,50,100,0,100,0,90,2,0,0
239,24-25-prem-liverpool-vs-fulham,3,0,0,1,0.06,0.0,0.08,1,0,0,1,1,0,0,0,0,0,0,0,0,0,0,0,0,0,0,0,0,0,0,0,0,0.0,0.0,0,0,0,0,0,0,0,0,0,0,0,0,0,87,90,0,0,0
364,24-25-prem-manchester-city-vs-manchester-united,89,1,0,4,0.67,0.07,1.46,2,5,0,10,57,31,0,4,1,0,1,2,5,0,0,0,0,7,4,7,0,1,0,0,0,0.0,0.0,0,0,0,0,0,1,91,100,0,70,0,63,100,0,91,1,0,0
366,24-25-prem-manchester-city-vs-manchester-united,90,1,0,2,1.24,0.13,0.67,1,0,1,3,65,38,3,7,2,4,2,1,12,0,2,1,2,4,6,4,0,1,1,0,0,0.0,0.0,0,0,0,0,0,3,86,50,100,44,0,0,67,0,91,1,1,0
380,24-25-prem-manchester-city-vs-manchester-united,90,0,1,1,0.03,0.4,0.0,0,1,0,0,74,60,2,6,1,6,0,1,0,1,2,2,0,1,2,1,0,0,1,0,0,0.0,0.0,0,0,0,0,0,0,98,50,86,33,0,100,0,0,91,1,0,0
350,24-25-prem-manchester-city-vs-manchester-united,90,1,0,1,0.08,0.02,0.16,1,0,0,1,64,42,0,5,0,2,0,3,6,1,3,1,0,4,4,2,2,1,0,0,0,0.0,0.0,0,0,0,0,0,1,89,0,50,50,50,0,0,0,91,2,0,0
594,24-25-prem-manchester-city-vs-manchester-united,78,0,0,0,0.0,0.01,0.0,0,1,0,0,77,45,0,5,0,0,3,1,2,1,2,2,3,9,5,7,2,0,2,0,0,0.0,0.0,0,0,0,0,0,6,85,0,0,58,100,100,50,0,78,1,0,0
625,24-25-prem-manchester-city-vs-manchester-united,89,0,0,0,0.0,0.03,0.0,0,1,0,2,73,60,1,5,0,1,1,2,3,0,1,0,1,4,3,3,1,0,1,0,0,0.0,0.0,0,0,0,0,0,2,97,0,50,50,100,100,50,0,89,1,0,0
652,24-25-prem-manchester-city-vs-manchester-united,90,0,0,1,0.03,0.01,0.0,0,1,0,0,55,39,1,1,0,3,1,2,1,0,1,1,3,7,7,6,1,1,4,0,0,0.0,0.0,0,0,0,0,0,4,95,0,100,46,100,100,25,0,91,1,0,0
377,24-25-prem-manchester-city-vs-manchester-united,90,0,0,0,0.0,0.0,0.0,0,0,0,0,52,34,0,2,0,2,1,5,3,1,3,3,0,6,2,4,2,1,0,0,0,0.0,0.0,0,0,0,0,0,3,89,0,67,100,50,0,33,0,91,1,0,0
593,24-25-prem-manchester-city-vs-manchester-united,79,0,0,1,0.03,0.01,0.0,0,0,0,3,72,57,0,5,0,3,1,3,3,0,1,0,0,5,2,1,4,0,0,0,0,0.0,0.0,0,0,0,0,0,1,89,0,43,50,80,0,100,0,79,1,0,0
378,24-25-prem-manchester-city-vs-manchester-united,76,0,0,1,0.07,0.01,0.0,0,0,0,4,55,29,1,1,0,1,2,0,5,0,1,1,1,7,5,5,2,0,1,0,0,0.0,0.0,0,0,0,0,0,5,88,0,50,50,100,0,40,14,91,1,0,0
342,24-25-prem-manchester-city-vs-manchester-united,90,0,0,0,0.0,0.0,0.0,0,1,0,2,32,12,0,4,0,2,1,1,4,0,1,0,2,9,3,8,1,5,0,0,0,0.0,0.0,0,0,0,0,0,2,86,0,100,73,100,100,50,0,91,2,0,0
383,24-25-prem-manchester-city-vs-manchester-united,90,0,0,0,0.0,0.0,0.0,0,0,0,0,39,23,0,4,0,4,0,0,8,0,1,0,0,0,0,0,0,0,0,2,1,0.86,-0.14,0,23,4,0,0,0,72,0,31,0,0,0,0,0,91,1,0,0
375,24-25-prem-manchester-city-vs-manchester-united,78,0,0,0,0.0,0.2,0.0,0,0,0,1,14,5,1,1,0,0,0,0,0,0,1,1,0,2,2,1,1,1,1,0,0,0.0,0.0,0,0,0,0,0,0,63,0,0,50,50,0,0,0,78,1,0,0
363,24-25-prem-manchester-city-vs-manchester-united,90,0,0,0,0.0,0.03,0.0,0,1,0,0,84,55,0,15,0,2,1,0,0,1,1,1,0,3,2,2,1,0,1,0,0,0.0,0.0,0,0,0,0,0,1,76,0,18,50,100,50,100,0,91,2,0,0
348,24-25-prem-manchester-city-vs-manchester-united,90,0,0,4,0.19,0.25,0.64,1,2,0,3,68,48,2,3,1,1,1,0,4,0,0,0,1,3,6,3,0,0,0,0,0,0.0,0.0,0,0,0,0,0,1,92,33,50,38,0,100,100,0,91,2,0,0
356,24-25-prem-manchester-city-vs-manchester-united,90,0,0,0,0.0,0.04,0.0,0,0,0,1,80,50,0,9,0,1,3,1,2,0,0,0,3,8,6,7,1,4,1,0,0,0.0,0.0,0,0,0,0,0,3,86,0,50,58,50,0,100,0,91,2,0,0
351,24-25-prem-manchester-city-vs-manchester-united,90,0,0,1,0.14,0.01,0.0,0,0,0,2,21,6,1,2,0,0,1,1,2,0,2,0,0,4,5,1,3,0,2,0,0,0.0,0.0,0,0,0,0,0,1,50,0,0,25,60,0,100,0,91,2,0,0
346,24-25-prem-manchester-city-vs-manchester-united,77,0,0,1,0.02,0.07,0.0,0,4,0,5,56,22,0,1,1,0,2,0,5,0,1,0,0,7,11,7,0,1,0,0,0,0.0,0.0,0,0,0,0,0,2,79,20,0,41,0,36,100,0,77,0,0,0
354,24-25-prem-manchester-city-vs-manchester-united,22,0,0,0,0.0,0.23,0.0,0,0,0,1,27,25,1,7,0,0,0,0,1,0,0,0,0,0,0,0,0,0,0,0,0,0.0,0.0,0,0,0,0,0,0,93,0,0,0,0,0,0,68,91,2,0,0
345,24-25-prem-manchester-city-vs-manchester-united,68,0,0,2,0.06,0.03,0.06,1,0,0,0,45,25,0,2,0,0,0,0,1,0,0,0,0,3,3,3,0,3,0,0,0,0.0,0.0,0,0,0,0,0,0,83,0,0,75,0,0,0,0,68,0,0,0
347,24-25-prem-manchester-city-vs-manchester-united,90,0,0,0,0.0,0.0,0.0,0,0,0,0,39,28,0,5,0,10,0,0,4,0,0,0,0,0,1,0,0,0,0,1,2,2.14,0.14,0,28,10,0,0,0,80,0,59,0,0,0,0,0,91,2,0,0
369,24-25-prem-manchester-city-vs-manchester-united,90,0,0,0,0.0,0.02,0.0,0,0,0,1,51,34,0,1,0,2,0,1,0,0,2,2,0,0,7,0,0,0,4,0,0,0.0,0.0,0,0,0,0,0,0,85,0,40,0,0,0,0,0,91,1,0,0
361,24-25-prem-manchester-city-vs-manchester-united,90,0,0,1,0.48,0.01,0.0,0,0,0,1,55,50,0,5,0,3,0,1,3,1,1,0,0,1,3,0,1,0,0,0,0,0.0,0.0,0,0,0,0,0,0,98,0,75,0,25,0,0,0,91,2,0,0
382,24-25-prem-manchester-city-vs-manchester-united,14,0,0,0,0.0,0.0,0.0,0,0,0,0,9,7,0,2,0,1,0,0,1,0,0,0,0,0,0,0,0,0,0,0,0,0.0,0.0,0,0,0,0,0,0,78,0,100,0,0,0,0,0,14,0,0,0
365,24-25-prem-manchester-city-vs-manchester-united,12,0,0,0,0.0,0.01,0.0,0,0,0,0,10,4,0,0,0,0,0,1,2,0,0,0,0,0,1,0,0,0,0,0,0,0.0,0.0,0,0,0,0,0,0,100,0,0,0,0,0,0,78,91,0,0,0
572,24-25-prem-manchester-city-vs-manchester-united,11,0,0,0,0.0,0.0,0.0,0,0,0,0,7,4,0,0,0,1,0,0,0,0,1,1,0,1,2,1,0,0,0,0,0,0.0,0.0,0,0,0,0,0,1,100,0,100,100,0,0,0,79,91,0,0,0
349,24-25-prem-manchester-city-vs-manchester-united,13,0,0,0,0.0,0.0,0.0,0,0,0,0,12,5,0,0,0,0,0,1,0,0,0,0,0,0,1,0,0,0,0,0,0,0.0,0.0,0,0,0,0,0,0,83,0,0,0,0,0,0,77,91,2,0,0
389,24-25-prem-manchester-city-vs-manchester-united,12,0,0,0,0.0,0.0,0.0,0,0,0,0,3,1,0,0,0,0,0,0,1,0,0,0,0,0,2,0,0,0,0,0,0,0.0,0.0,0,0,0,0,0,0,100,0,0,0,0,0,0,78,91,0,0,0
376,24-25-prem-manchester-city-vs-manchester-united,1,0,0,0,0.0,0.0,0.0,0,0,0,0,3,2,0,0,0,0,0,0,0,0,1,1,0,0,0,0,0,0,0,0,0,0.0,0.0,0,0,0,0,0,0,100,0,0,0,0,0,0,91,91,0,0,0
571,24-25-prem-manchester-city-vs-manchester-united,1,0,0,0,0.0,0.0,0.0,0,0,0,0,7,4,0,0,0,0,0,0,0,0,0,0,0,1,1,1,0,0,0,0,0,0.0,0.0,0,0,0,0,0,1,100,0,0,50,0,0,0,89,91,1,0,0
401,24-25-prem-newcastle-united-vs-leicester-city,73,1,1,4,1.42,0.22,1.7,3,6,1,8,38,15,4,2,0,1,0,0,2,0,0,0,1,7,6,7,0,1,0,0,0,0.0,0.0,0,0,0,0,0,0,71,0,50,58,0,75,0,0,73,0,0,0
402,24-25-prem-newcastle-united-vs-leicester-city,64,2,0,4,0.59,0.1,0.72,2,0,1,5,36,13,2,1,1,1,0,0,2,0,2,2,0,0,5,0,0,0,2,0,0,0.0,0.0,0,0,0,0,0,0,72,50,100,0,0,0,0,0,65,0,0,0
399,24-25-prem-newcastle-united-vs-leicester-city,90,0,1,1,0.14,0.64,0.0,0,0,0,7,112,75,5,13,2,4,2,0,8,1,1,1,0,7,3,5,2,3,0,0,0,0.0,0.0,0,0,0,0,0,2,84,67,57,100,40,0,100,0,96,0,0,0
398,24-25-prem-newcastle-united-vs-leicester-city,81,0,1,3,0.09,0.41,0.56,1,2,0,10,62,37,4,6,1,1,0,0,5,1,0,0,1,6,7,6,0,3,0,0,0,0.0,0.0,0,0,0,0,0,1,95,33,50,50,0,40,0,0,81,0,0,0
417,24-25-prem-newcastle-united-vs-leicester-city,90,0,0,3,0.21,0.04,0.0,0,0,0,1,97,73,1,11,0,4,1,3,12,0,0,0,1,4,3,4,0,3,0,0,0,0.0,0.0,0,0,0,0,0,1,91,0,80,67,0,0,100,0,96,0,0,0
394,24-25-prem-newcastle-united-vs-leicester-city,64,1,0,2,0.83,0.22,0.99,1,0,0,4,40,22,1,7,0,1,0,1,0,0,0,0,1,4,3,3,1,2,2,0,0,0.0,0.0,0,0,0,0,0,1,81,0,100,50,100,0,0,0,65,0,0,0
396,24-25-prem-newcastle-united-vs-leicester-city,90,0,0,0,0.0,0.0,0.0,0,0,0,0,33,26,0,1,0,1,0,0,5,0,0,0,0,0,0,0,0,0,0,1,0,0.09,0.09,0,26,1,0,2,0,93,0,33,0,0,0,0,0,96,0,0,0
403,24-25-prem-newcastle-united-vs-leicester-city,90,0,0,3,0.19,0.21,0.26,2,0,0,3,53,39,2,3,0,1,0,0,3,0,2,1,1,2,3,1,1,0,1,0,0,0.0,0.0,0,0,0,0,0,1,93,0,100,25,100,0,0,0,96,0,0,0
395,24-25-prem-newcastle-united-vs-leicester-city,90,0,0,2,0.13,0.01,0.0,0,0,0,2,81,69,0,0,0,1,0,0,6,0,4,1,0,5,2,0,5,0,0,0,0,0.0,0.0,0,0,0,0,0,0,95,0,33,0,83,0,0,0,96,0,0,0
635,24-25-prem-newcastle-united-vs-leicester-city,82,0,0,1,0.05,0.1,0.0,0,2,0,1,53,32,1,6,0,5,0,0,5,0,0,0,0,8,1,8,0,1,1,0,0,0.0,0.0,0,0,0,0,0,5,80,0,83,89,0,100,0,0,82,4,0,0
415,24-25-prem-newcastle-united-vs-leicester-city,90,0,0,0,0.0,0.01,0.0,0,1,0,1,83,63,0,4,0,4,0,1,2,0,1,1,1,2,3,1,1,0,0,0,0,0.0,0.0,0,0,0,0,0,0,82,0,40,50,33,100,0,0,96,0,0,0
293,24-25-prem-newcastle-united-vs-leicester-city,45,0,0,0,0.0,0.0,0.0,0,0,0,0,24,6,0,2,0,1,0,0,5,0,0,0,0,0,0,0,0,0,0,4,1,2.03,1.03,0,6,1,0,0,0,40,0,11,0,0,0,0,0,46,1,0,0
392,24-25-prem-newcastle-united-vs-leicester-city,26,0,0,4,0.15,0.23,0.1,2,1,0,5,34,20,1,1,1,0,0,0,1,0,0,0,1,2,2,2,0,1,0,0,0,0.0,0.0,0,0,0,0,0,0,83,33,0,67,0,100,0,65,96,0,0,0
410,24-25-prem-newcastle-united-vs-leicester-city,26,0,0,0,0.0,0.01,0.0,0,1,0,7,27,17,1,5,0,0,0,0,1,0,0,0,0,1,1,1,0,0,0,0,0,0.0,0.0,0,0,0,0,0,0,74,0,0,50,0,50,0,65,96,0,0,0
299,24-25-prem-newcastle-united-vs-leicester-city,90,0,0,1,0.05,0.03,0.09,1,0,0,4,33,15,0,2,0,0,1,1,3,0,2,0,3,5,8,2,3,1,4,0,0,0.0,0.0,0,0,0,0,0,1,79,0,0,22,75,0,100,0,96,4,0,0
409,24-25-prem-newcastle-united-vs-leicester-city,64,0,0,1,0.04,0.1,0.0,0,0,0,1,47,20,0,1,0,1,0,0,4,1,3,1,0,1,6,1,0,1,1,0,0,0.0,0.0,0,0,0,0,0,0,83,0,100,20,0,0,0,0,65,0,0,0
306,24-25-prem-newcastle-united-vs-leicester-city,59,0,0,1,0.06,0.0,0.0,0,2,0,2,15,6,0,2,0,1,0,0,2,0,0,0,0,4,3,2,2,0,0,0,0,0.0,0.0,0,0,0,0,0,0,60,0,100,67,50,100,0,0,59,3,0,0
307,24-25-prem-newcastle-united-vs-leicester-city,90,0,0,0,0.0,0.01,0.0,0,2,0,1,76,51,0,2,0,1,2,2,3,2,6,2,2,6,6,5,1,0,2,0,0,0.0,0.0,0,0,0,0,0,3,88,0,25,56,33,100,67,0,96,4,0,0
301,24-25-prem-newcastle-united-vs-leicester-city,31,0,0,0,0.0,0.0,0.0,0,0,0,0,23,15,0,0,0,0,0,1,1,0,3,0,0,1,1,1,0,1,1,0,0,0.0,0.0,0,0,0,0,0,0,83,0,0,50,0,0,0,59,96,1,0,0
298,24-25-prem-newcastle-united-vs-leicester-city,59,0,0,0,0.0,0.03,0.0,0,0,0,1,37,21,0,3,0,0,1,1,4,0,0,0,1,3,4,3,0,2,2,0,0,0.0,0.0,0,0,0,0,0,1,78,0,0,43,0,0,100,0,59,3,0,0
418,24-25-prem-newcastle-united-vs-leicester-city,26,0,0,0,0.0,0.02,0.0,0,0,0,0,67,56,0,3,0,0,1,0,0,0,0,0,1,1,3,1,0,0,0,0,0,0.0,0.0,0,0,0,0,0,1,95,0,0,25,0,0,100,65,96,0,0,0
289,24-25-prem-newcastle-united-vs-leicester-city,31,0,0,0,0.0,0.0,0.0,0,0,0,0,12,0,0,1,0,0,0,0,2,1,2,0,0,4,5,2,2,0,1,0,0,0.0,0.0,0,0,0,0,0,2,0,0,0,40,50,0,0,59,96,1,0,0
590,24-25-prem-newcastle-united-vs-leicester-city,17,0,0,0,0.0,0.02,0.0,0,0,0,0,4,1,1,0,0,0,0,0,0,0,0,0,0,1,2,0,1,0,1,0,0,0.0,0.0,0,0,0,0,0,0,100,0,0,0,100,0,0,73,96,0,0,0
295,24-25-prem-newcastle-united-vs-leicester-city,90,0,0,0,0.0,0.11,0.0,0,1,0,0,71,29,1,3,0,0,1,3,0,1,5,3,1,6,5,5,1,1,2,0,0,0.0,0.0,0,0,0,0,0,3,78,0,0,63,33,100,33,0,96,4,0,0
117,24-25-prem-newcastle-united-vs-leicester-city,31,0,0,0,0.0,0.0,0.0,0,0,0,0,10,3,0,0,0,0,0,0,2,0,0,0,2,1,6,1,0,0,1,0,0,0.0,0.0,0,0,0,0,0,1,100,0,0,14,0,0,0,59,96,1,0,0
296,24-25-prem-newcastle-united-vs-leicester-city,90,0,0,0,0.0,0.02,0.0,0,0,0,0,59,24,0,5,1,1,1,3,2,0,2,1,0,7,2,5,2,0,0,0,0,0.0,0.0,0,0,0,0,0,5,65,50,17,100,50,0,20,0,96,4,0,0
287,24-25-prem-newcastle-united-vs-leicester-city,59,0,0,0,0.0,0.02,0.0,0,1,0,0,38,28,1,7,0,0,0,0,0,1,1,1,1,1,2,1,0,0,1,0,0,0.0,0.0,0,0,0,0,0,0,85,0,0,33,0,100,0,0,59,3,0,0
308,24-25-prem-newcastle-united-vs-leicester-city,45,0,0,0,0.0,0.0,0.0,0,0,0,0,27,10,0,1,0,6,0,0,7,0,1,0,0,0,0,0,0,0,0,3,3,2.31,-0.69,0,10,6,0,0,0,56,0,43,0,0,0,0,46,96,3,0,0
501,24-25-prem-newcastle-united-vs-leicester-city,90,0,0,1,0.02,0.01,0.0,0,0,0,1,62,46,0,2,0,2,0,2,5,0,0,0,0,2,1,1,1,0,1,0,0,0.0,0.0,0,0,0,0,0,1,87,0,100,50,100,0,0,0,96,4,0,0
288,24-25-prem-newcastle-united-vs-leicester-city,90,0,0,0,0.0,0.0,0.0,0,0,0,0,58,42,0,3,0,1,0,0,2,2,3,2,1,2,1,1,1,0,0,0,0,0.0,0.0,0,0,0,0,0,1,84,0,25,50,100,0,0,0,96,4,0,0
290,24-25-prem-newcastle-united-vs-leicester-city,8,0,0,0,0.0,0.0,0.0,0,0,0,0,3,3,0,1,0,0,0,0,0,0,0,0,0,0,0,0,0,0,0,0,0,0.0,0.0,0,0,0,0,0,0,100,0,0,0,0,0,0,82,96,0,0,0
420,24-25-prem-newcastle-united-vs-leicester-city,9,0,0,0,0.0,0.0,0.0,0,0,0,0,13,7,0,2,0,0,1,1,2,0,0,0,0,2,1,2,0,1,0,0,0,0.0,0.0,0,0,0,0,0,1,88,0,0,67,0,0,100,81,96,0,0,0
423,24-25-prem-nottingham-forest-vs-aston-villa,90,0,1,2,0.09,0.59,0.0,0,3,0,6,96,54,4,8,3,4,5,2,8,0,1,0,3,13,10,10,3,0,1,0,0,0.0,0.0,0,0,0,0,0,7,89,43,57,56,60,60,71,0,94,1,0,0
433,24-25-prem-nottingham-forest-vs-aston-villa,90,0,1,2,0.15,0.82,0.1,1,3,0,5,72,51,3,7,1,2,0,0,3,0,1,0,0,5,2,3,2,0,1,0,0,0.0,0.0,0,0,0,0,0,0,94,100,100,60,100,75,0,0,94,1,0,0
573,24-25-prem-nottingham-forest-vs-aston-villa,90,1,0,2,0.48,0.0,0.86,1,0,0,2,50,34,0,3,0,1,1,1,1,0,6,4,0,3,0,2,1,1,0,0,0,0.0,0.0,0,0,0,0,0,1,94,0,33,100,100,0,100,0,94,1,0,0
48,24-25-prem-nottingham-forest-vs-aston-villa,90,0,1,1,0.05,0.37,0.0,0,1,0,6,42,19,4,2,4,0,2,1,3,0,0,0,0,5,2,5,0,2,1,0,0,0.0,0.0,0,0,0,0,0,2,79,80,0,71,0,50,100,0,94,2,0,0
437,24-25-prem-nottingham-forest-vs-aston-villa,90,0,0,3,0.09,0.02,0.09,1,1,0,1,63,42,0,6,0,2,2,0,2,0,3,2,0,3,2,3,0,0,1,0,0,0.0,0.0,0,0,0,0,0,2,98,0,67,75,0,100,100,0,94,1,0,0
436,24-25-prem-nottingham-forest-vs-aston-villa,68,0,0,1,0.09,0.15,0.0,0,1,0,1,66,50,1,6,0,3,0,2,3,2,2,0,0,4,3,2,2,1,1,0,0,0.0,0.0,0,0,0,0,0,0,88,0,75,67,50,100,0,0,68,1,0,0
422,24-25-prem-nottingham-forest-vs-aston-villa,90,0,0,0,0.0,0.01,0.0,0,0,0,0,51,35,1,5,0,2,1,0,7,0,0,0,0,3,2,3,0,1,1,0,0,0.0,0.0,0,0,0,0,0,2,88,0,67,60,0,0,50,0,94,1,0,0
449,24-25-prem-nottingham-forest-vs-aston-villa,68,0,0,2,0.11,0.01,0.34,1,0,0,1,53,39,0,6,0,0,1,0,5,0,3,0,0,4,2,3,1,1,1,0,0,0.0,0.0,0,0,0,0,0,2,95,0,0,75,50,0,50,0,68,1,0,0
431,24-25-prem-nottingham-forest-vs-aston-villa,77,0,0,2,0.47,0.03,0.28,1,0,1,3,52,42,0,5,0,2,1,1,5,0,0,0,2,2,4,2,0,0,2,0,0,0.0,0.0,0,0,0,0,0,2,98,0,100,33,0,0,50,0,77,1,0,0
434,24-25-prem-nottingham-forest-vs-aston-villa,89,0,0,1,0.03,0.07,0.0,0,1,0,3,63,44,3,2,1,1,0,0,1,0,0,0,0,1,4,1,0,0,1,0,0,0.0,0.0,0,0,0,0,0,0,96,11,100,20,0,50,0,0,94,1,0,0
432,24-25-prem-nottingham-forest-vs-aston-villa,13,1,0,1,0.2,0.0,0.38,1,0,0,1,11,5,0,1,0,0,0,0,1,0,0,0,0,0,1,0,0,0,0,0,0,0.0,0.0,0,0,0,0,0,0,83,0,0,0,0,0,0,77,94,0,0,0
653,24-25-prem-nottingham-forest-vs-aston-villa,22,0,0,0,0.0,0.0,0.0,0,0,0,0,15,7,0,0,0,0,2,1,4,0,2,0,0,2,0,2,0,0,0,0,0,0.0,0.0,0,0,0,0,0,2,78,0,0,100,0,0,100,68,94,0,0,0
443,24-25-prem-nottingham-forest-vs-aston-villa,90,0,0,0,0.0,0.0,0.0,0,0,0,0,22,12,0,3,0,3,0,0,4,0,2,0,0,2,0,2,0,2,0,1,1,0.26,-0.74,0,12,3,0,2,0,86,0,60,100,0,0,0,0,94,1,0,0
447,24-25-prem-nottingham-forest-vs-aston-villa,90,0,0,1,0.07,0.01,0.0,0,1,0,4,23,9,0,0,0,1,0,1,3,0,1,1,0,2,5,1,1,0,2,0,0,0.0,0.0,0,0,0,0,0,0,69,0,100,25,33,50,0,0,94,1,0,0
38,24-25-prem-nottingham-forest-vs-aston-villa,74,1,0,3,0.08,0.01,0.06,1,0,0,6,21,5,0,1,0,0,0,0,2,0,0,0,1,2,9,1,1,1,4,0,0,0.0,0.0,0,0,0,0,0,0,50,0,0,11,50,0,0,0,74,0,0,0
57,24-25-prem-nottingham-forest-vs-aston-villa,74,0,0,0,0.0,0.13,0.0,0,0,0,0,32,22,1,3,1,2,1,1,3,1,0,0,2,1,2,1,0,0,0,0,0,0.0,0.0,0,0,0,0,0,1,85,100,100,33,0,0,100,0,74,0,0,0
42,24-25-prem-nottingham-forest-vs-aston-villa,89,0,0,0,0.0,0.02,0.0,0,0,0,0,68,57,0,7,0,1,0,1,5,1,4,3,2,1,3,1,0,1,0,0,0,0.0,0.0,0,0,0,0,0,0,97,0,100,25,0,0,0,0,91,1,0,0
44,24-25-prem-nottingham-forest-vs-aston-villa,90,0,0,2,0.24,0.01,0.0,0,0,0,3,59,35,0,7,0,0,0,1,4,1,2,1,0,6,2,4,2,2,0,0,0,0.0,0.0,0,0,0,0,0,2,92,0,0,100,50,0,0,0,94,2,0,0
233,24-25-prem-nottingham-forest-vs-aston-villa,16,0,0,0,0.0,0.0,0.0,0,1,0,0,18,14,0,1,0,1,0,0,2,0,1,1,0,1,1,1,0,0,0,0,0,0.0,0.0,0,0,0,0,0,0,93,0,100,50,0,50,0,74,94,2,0,0
35,24-25-prem-nottingham-forest-vs-aston-villa,90,0,0,0,0.0,0.02,0.0,0,0,0,0,93,74,0,7,0,7,1,0,4,1,7,2,1,3,3,2,1,0,0,0,0,0.0,0.0,0,0,0,0,0,2,93,0,64,67,33,0,50,0,94,2,0,0
52,24-25-prem-nottingham-forest-vs-aston-villa,90,0,0,0,0.0,0.02,0.0,0,0,0,0,80,65,0,16,0,4,0,0,2,1,4,3,0,3,2,2,1,2,0,0,0,0.0,0.0,0,0,0,0,0,0,90,0,80,100,33,0,0,0,94,2,0,0
58,24-25-prem-nottingham-forest-vs-aston-villa,16,0,0,0,0.0,0.01,0.0,0,0,0,1,13,8,0,1,0,0,0,0,1,0,0,0,0,0,0,0,0,0,0,0,0,0.0,0.0,0,0,0,0,0,0,80,0,0,0,0,0,0,74,94,2,0,0
596,24-25-prem-nottingham-forest-vs-aston-villa,22,0,0,0,0.0,0.01,0.0,0,0,0,0,10,6,1,0,0,0,0,0,0,0,0,0,0,0,1,0,0,0,1,0,0,0.0,0.0,0,0,0,0,0,0,75,0,0,0,0,0,0,68,94,0,0,0
36,24-25-prem-nottingham-forest-vs-aston-villa,89,0,0,0,0.0,0.04,0.0,0,0,0,1,49,31,0,2,0,2,0,0,2,0,2,1,0,1,3,1,0,0,0,0,0,0.0,0.0,0,0,0,0,0,1,91,0,67,25,0,0,0,0,91,1,0,0
32,24-25-prem-nottingham-forest-vs-aston-villa,90,0,0,1,0.03,0.42,0.2,1,1,0,9,45,19,1,0,0,1,1,2,4,0,1,0,1,7,5,4,3,0,0,0,0,0.0,0.0,0,0,0,0,0,3,70,0,100,50,75,33,33,0,94,2,0,0
54,24-25-prem-nottingham-forest-vs-aston-villa,90,0,0,1,0.02,0.06,0.0,0,2,0,7,46,20,1,1,0,0,0,0,3,0,0,0,3,6,12,6,0,4,1,0,0,0.0,0.0,0,0,0,0,0,0,77,0,0,38,0,33,0,0,94,2,0,0
47,24-25-prem-nottingham-forest-vs-aston-villa,90,0,0,0,0.0,0.0,0.0,0,0,0,0,42,32,0,1,0,5,0,0,7,0,0,0,0,0,0,0,0,0,0,4,2,2.04,0.04,0,32,5,0,1,0,97,0,83,0,0,0,0,0,94,2,0,0
29,24-25-prem-nottingham-forest-vs-aston-villa,1,0,0,0,0.0,0.01,0.0,0,0,0,0,11,10,0,2,0,1,0,0,1,0,0,0,0,0,1,0,0,0,0,0,0,0.0,0.0,0,0,0,0,0,0,100,0,100,0,0,0,0,91,94,1,0,0
425,24-25-prem-nottingham-forest-vs-aston-villa,1,0,0,0,0.0,0.0,0.0,0,0,0,0,6,1,0,0,0,0,1,0,1,0,3,2,0,1,0,1,0,0,0,0,0,0.0,0.0,0,0,0,0,0,1,100,0,0,100,0,0,100,94,94,0,0,0
45,24-25-prem-nottingham-forest-vs-aston-villa,1,0,0,0,0.0,0.0,0.0,0,0,0,0,8,3,0,2,0,0,0,0,0,0,0,0,0,0,0,0,0,0,0,0,0,0.0,0.0,0,0,0,0,0,0,75,0,0,0,0,0,0,91,94,1,0,0
494,24-25-prem-southampton-vs-tottenham-hotspur,77,2,0,3,0.65,0.04,1.12,2,3,0,4,62,41,2,6,0,2,0,0,2,0,0,0,0,7,3,7,0,3,2,0,0,0.0,0.0,0,0,0,0,0,1,85,0,50,78,0,100,0,0,77,0,0,0
503,24-25-prem-southampton-vs-tottenham-hotspur,45,1,2,7,0.37,0.3,0.79,4,0,0,7,31,15,3,0,1,1,0,0,1,0,0,0,0,0,5,0,0,0,0,0,0,0.0,0.0,0,0,0,0,0,0,94,25,100,0,0,0,0,0,46,0,0,0
499,24-25-prem-southampton-vs-tottenham-hotspur,90,1,0,2,0.27,0.03,0.79,2,2,0,2,91,71,2,7,1,1,3,4,6,0,0,0,1,6,4,5,1,0,1,0,0,0.0,0.0,0,0,0,0,0,3,96,100,33,71,33,100,100,0,90,0,0,0
504,24-25-prem-southampton-vs-tottenham-hotspur,77,0,1,1,0.06,0.3,0.0,0,2,0,3,82,61,2,9,0,0,3,1,1,0,3,2,0,6,3,5,1,0,1,0,0,0.0,0.0,0,0,0,0,0,3,95,0,0,63,100,50,100,0,77,0,0,0
492,24-25-prem-southampton-vs-tottenham-hotspur,90,1,0,3,0.37,0.09,0.89,1,3,0,7,56,29,2,2,0,1,1,0,7,0,0,0,0,7,7,7,0,3,2,0,0,0.0,0.0,0,0,0,0,0,1,81,0,50,50,0,43,100,0,90,0,0,0
488,24-25-prem-southampton-vs-tottenham-hotspur,90,0,0,0,0.0,0.0,0.0,0,0,0,0,43,25,0,1,0,0,0,0,8,0,1,0,0,0,0,0,0,0,0,4,0,0.36,0.36,1,25,0,0,1,0,86,0,0,0,0,0,0,0,90,0,0,0
481,24-25-prem-southampton-vs-tottenham-hotspur,90,0,0,0,0.0,0.02,0.0,0,2,0,0,63,47,0,1,0,2,1,3,8,0,1,0,0,4,5,3,1,0,1,0,0,0.0,0.0,0,0,0,0,0,1,98,0,100,43,50,50,100,0,90,0,0,0
486,24-25-prem-southampton-vs-tottenham-hotspur,90,0,0,0,0.0,0.0,0.0,0,0,0,0,90,76,0,4,0,4,0,4,3,0,1,0,0,1,1,1,0,0,0,0,0,0.0,0.0,0,0,0,0,0,1,92,0,67,100,0,0,0,0,90,0,0,0
489,24-25-prem-southampton-vs-tottenham-hotspur,90,0,0,0,0.0,0.01,0.0,0,0,0,0,102,91,0,6,0,2,0,1,3,2,0,0,0,2,0,2,0,1,0,0,0,0.0,0.0,0,0,0,0,0,1,97,0,50,100,0,0,0,0,90,0,0,0
474,24-25-prem-southampton-vs-tottenham-hotspur,28,0,0,1,0.01,0.01,0.0,0,2,0,1,31,17,0,1,0,0,1,1,2,0,1,1,0,4,1,4,0,1,0,0,0,0.0,0.0,0,0,0,0,0,1,85,0,0,80,0,100,100,62,90,0,0,0
505,24-25-prem-southampton-vs-tottenham-hotspur,28,0,0,0,0.0,0.01,0.0,0,1,0,1,14,8,0,0,0,0,0,1,2,0,0,0,0,3,2,3,0,1,2,0,0,0.0,0.0,0,0,0,0,0,1,89,0,0,60,0,100,0,0,28,0,0,0
491,24-25-prem-southampton-vs-tottenham-hotspur,45,0,0,1,0.43,0.0,0.0,0,0,1,2,19,11,0,1,0,0,0,1,1,0,0,0,0,2,1,2,0,0,1,0,0,0.0,0.0,0,0,0,0,0,2,79,0,0,67,0,0,0,46,90,0,0,0
495,24-25-prem-southampton-vs-tottenham-hotspur,62,0,0,0,0.0,0.01,0.0,0,0,0,0,63,44,1,9,0,0,0,1,5,0,1,1,0,1,4,0,1,0,1,0,0,0.0,0.0,0,0,0,0,0,0,85,0,0,0,33,0,0,28,90,0,0,0
82,24-25-prem-southampton-vs-tottenham-hotspur,82,0,0,1,0.28,0.0,0.0,0,0,0,2,13,5,0,0,0,0,0,0,1,0,2,1,0,0,5,0,0,0,4,0,0,0.0,0.0,0,0,0,0,0,0,71,0,0,0,0,0,0,0,82,0,0,0
452,24-25-prem-southampton-vs-tottenham-hotspur,90,0,0,0,0.0,0.1,0.0,0,0,0,0,43,29,2,1,1,0,3,0,4,0,0,0,3,4,7,4,0,1,1,0,0,0.0,0.0,0,0,0,0,0,3,97,100,0,36,0,0,100,0,90,5,0,0
518,24-25-prem-southampton-vs-tottenham-hotspur,90,0,0,0,0.0,0.01,0.0,0,0,0,2,39,28,0,4,0,0,0,0,3,0,2,1,1,5,2,5,0,5,0,0,0,0.0,0.0,0,0,0,0,0,0,97,0,0,71,0,0,0,0,90,5,0,0
699,24-25-prem-southampton-vs-tottenham-hotspur,13,0,0,0,0.0,0.0,0.0,0,0,0,0,16,15,0,0,0,2,0,0,3,0,0,0,0,0,0,0,0,0,0,0,0,0.0,0.0,0,0,0,0,0,0,94,0,100,0,0,0,0,77,90,0,0,0
509,24-25-prem-southampton-vs-tottenham-hotspur,13,0,0,0,0.0,0.22,0.0,0,0,0,0,10,5,1,0,1,0,0,0,0,0,1,1,1,0,1,0,0,0,0,0,0,0.0,0.0,0,0,0,0,0,0,71,100,0,0,0,0,0,77,90,0,0,0
623,24-25-prem-southampton-vs-tottenham-hotspur,90,0,0,0,0.0,0.03,0.0,0,0,0,2,42,27,1,3,1,3,1,0,3,0,1,1,1,3,6,1,2,0,3,0,0,0.0,0.0,0,0,0,0,0,1,82,33,75,14,100,0,100,0,90,5,0,0
477,24-25-prem-southampton-vs-tottenham-hotspur,75,0,0,1,0.18,0.01,0.0,0,0,1,1,44,40,1,0,0,0,0,0,2,0,0,0,2,1,2,1,0,1,0,0,0,0.0,0.0,0,0,0,0,0,0,100,0,0,33,0,0,0,15,90,2,0,0
453,24-25-prem-southampton-vs-tottenham-hotspur,82,0,0,2,0.54,0.0,0.04,1,0,2,2,12,4,0,1,0,0,1,1,1,1,0,0,2,3,4,3,0,0,1,0,0,0.0,0.0,0,0,0,0,0,3,80,0,0,50,0,0,33,0,82,5,0,0
462,24-25-prem-southampton-vs-tottenham-hotspur,15,0,0,0,0.0,0.0,0.0,0,0,0,0,7,5,0,0,0,0,0,0,0,0,0,0,0,0,0,0,0,0,0,0,0,0.0,0.0,0,0,0,0,0,0,83,0,0,0,0,0,0,0,15,3,0,0
608,24-25-prem-southampton-vs-tottenham-hotspur,90,0,0,3,0.08,0.08,0.3,1,0,0,0,44,26,1,1,1,0,0,0,3,0,1,1,1,3,7,2,1,2,1,0,0,0.0,0.0,0,0,0,0,0,0,90,100,0,25,50,0,0,0,90,5,0,0
461,24-25-prem-southampton-vs-tottenham-hotspur,90,0,0,1,0.0,0.01,0.02,1,0,0,1,97,70,0,12,0,1,1,3,6,0,3,2,0,6,0,3,3,2,0,0,0,0.0,0.0,0,0,0,0,0,1,83,0,10,100,100,0,100,0,90,5,0,0
476,24-25-prem-southampton-vs-tottenham-hotspur,90,0,0,1,0.02,0.01,0.0,0,0,0,3,53,33,0,2,1,0,1,1,5,0,1,0,0,3,1,3,0,0,0,0,0,0.0,0.0,0,0,0,0,0,3,85,100,0,75,0,0,33,0,90,5,0,0
467,24-25-prem-southampton-vs-tottenham-hotspur,62,0,0,0,0.0,0.67,0.0,0,0,0,3,59,24,1,4,1,0,2,2,4,0,0,0,3,6,8,6,0,3,2,0,0,0.0,0.0,0,0,0,0,0,3,77,25,0,46,0,0,67,0,62,5,0,0
469,24-25-prem-southampton-vs-tottenham-hotspur,90,0,0,0,0.0,0.0,0.0,0,0,0,0,31,17,0,2,0,6,0,0,5,0,0,0,0,0,0,0,0,0,0,4,5,3.59,-1.41,0,17,6,0,0,0,68,0,43,0,0,0,0,0,90,5,0,0
455,24-25-prem-southampton-vs-tottenham-hotspur,90,0,0,0,0.0,0.0,0.0,0,0,0,1,73,53,0,5,0,4,0,3,5,3,6,5,0,3,0,0,3,0,0,0,0,0.0,0.0,0,0,0,0,0,0,93,0,80,0,100,0,0,0,90,5,0,0
27,24-25-prem-southampton-vs-tottenham-hotspur,8,0,0,0,0.0,0.0,0.0,0,0,0,0,0,0,0,0,0,0,0,0,0,0,0,0,0,0,1,0,0,0,0,0,0,0.0,0.0,0,0,0,0,0,0,0,0,0,0,0,0,0,82,90,0,0,0
609,24-25-prem-southampton-vs-tottenham-hotspur,8,0,0,0,0.0,0.0,0.0,0,0,0,0,2,0,0,0,0,0,0,0,0,0,0,0,0,0,0,0,0,0,0,0,0,0.0,0.0,0,0,0,0,0,0,0,0,0,0,0,0,0,82,90,0,0,0
541,24-25-prem-wolverhampton-wanderers-vs-ipswich-town,90,1,0,5,0.41,0.12,0.7,3,6,0,5,63,23,2,9,2,1,0,1,5,0,0,0,1,8,6,7,1,1,2,0,0,0.0,0.0,0,0,0,0,0,0,74,40,25,58,50,86,0,0,95,2,0,0
568,24-25-prem-wolverhampton-wanderers-vs-ipswich-town,90,0,0,0,0.0,0.0,0.0,0,0,0,0,62,32,0,1,0,7,0,0,18,0,3,0,0,3,0,0,3,0,0,5,1,1.46,0.46,0,32,7,0,4,0,82,0,54,0,100,0,0,0,95,1,0,0
548,24-25-prem-wolverhampton-wanderers-vs-ipswich-town,26,0,1,0,0.0,0.08,0.0,0,2,0,1,14,5,2,0,1,0,1,0,3,0,1,0,0,3,0,3,0,0,0,0,0,0.0,0.0,0,0,0,0,0,1,71,100,0,100,0,100,100,64,95,1,0,0
274,24-25-prem-wolverhampton-wanderers-vs-ipswich-town,90,0,0,2,0.38,0.04,0.03,2,4,1,9,62,30,2,4,0,1,1,0,4,0,0,0,2,9,7,9,0,4,0,0,0,0.0,0.0,0,0,0,0,0,1,83,0,100,60,0,57,100,0,95,1,0,0
619,24-25-prem-wolverhampton-wanderers-vs-ipswich-town,75,0,0,0,0.0,0.02,0.0,0,2,0,0,45,30,1,3,0,1,0,2,8,0,0,0,3,8,5,8,0,3,2,0,0,0.0,0.0,0,0,0,0,0,3,94,0,50,62,0,100,0,0,75,1,0,0
263,24-25-prem-wolverhampton-wanderers-vs-ipswich-town,90,0,0,0,0.0,0.0,0.0,0,0,0,1,88,56,0,4,0,2,2,1,4,3,9,4,0,5,2,2,3,0,0,0,0,0.0,0.0,0,0,0,0,0,2,86,0,25,100,60,0,100,0,95,1,0,0
535,24-25-prem-wolverhampton-wanderers-vs-ipswich-town,72,0,0,1,0.13,0.18,0.0,0,2,1,3,37,19,3,1,0,0,1,0,4,0,0,0,0,8,3,7,1,3,1,0,0,0.0,0.0,0,0,0,0,0,2,83,0,0,70,100,67,50,0,73,1,0,0
567,24-25-prem-wolverhampton-wanderers-vs-ipswich-town,90,0,0,0,0.0,0.05,0.0,0,3,0,0,93,64,1,11,0,1,0,1,6,1,5,3,1,3,2,3,0,0,0,0,0,0.0,0.0,0,0,0,0,0,0,85,0,14,60,0,75,0,0,95,2,0,0
268,24-25-prem-wolverhampton-wanderers-vs-ipswich-town,84,0,0,1,0.33,0.47,0.0,0,2,1,4,28,10,1,3,0,0,0,1,3,0,1,0,0,5,3,4,1,2,0,0,0,0.0,0.0,0,0,0,0,0,0,71,0,0,57,100,67,0,0,84,1,0,0
267,24-25-prem-wolverhampton-wanderers-vs-ipswich-town,90,0,0,1,0.04,0.05,0.0,0,0,0,6,58,25,0,5,1,0,0,1,5,0,4,4,0,4,2,3,1,3,1,0,0,0.0,0.0,0,0,0,0,0,0,78,14,0,60,100,0,0,0,95,1,0,0
559,24-25-prem-wolverhampton-wanderers-vs-ipswich-town,90,0,0,0,0.0,0.02,0.0,0,1,0,1,83,58,0,11,1,5,3,1,8,1,3,1,2,7,5,6,1,1,1,0,0,0.0,0.0,0,0,0,0,0,4,83,50,50,67,33,100,75,0,95,2,0,0
204,24-25-prem-wolverhampton-wanderers-vs-ipswich-town,90,0,0,0,0.0,0.0,0.0,0,0,0,0,40,20,0,4,0,7,0,0,9,0,2,0,0,1,1,0,1,0,0,2,2,0.95,-0.05,3,20,7,0,1,0,69,0,44,0,100,0,0,0,95,2,0,0
281,24-25-prem-wolverhampton-wanderers-vs-ipswich-town,15,1,0,1,0.11,0.01,0.89,1,0,0,1,14,9,0,2,0,0,0,0,1,0,1,0,0,1,2,0,1,0,0,0,0,0.0,0.0,0,0,0,0,0,0,90,0,0,0,100,0,0,75,95,0,0,0
631,24-25-prem-wolverhampton-wanderers-vs-ipswich-town,15,0,1,1,0.04,0.09,0.0,0,1,0,2,16,7,1,1,1,1,0,0,0,0,0,0,0,3,2,2,1,0,0,0,0,0.0,0.0,0,0,0,0,0,1,88,100,100,50,100,100,0,75,95,0,0,0
544,24-25-prem-wolverhampton-wanderers-vs-ipswich-town,45,0,0,2,0.07,0.06,0.01,1,0,0,0,53,32,2,8,1,4,2,0,6,1,1,1,1,3,3,3,0,0,1,0,0,0.0,0.0,0,0,0,0,0,3,89,14,67,50,0,0,67,46,95,1,0,0
266,24-25-prem-wolverhampton-wanderers-vs-ipswich-town,90,0,0,0,0.0,0.03,0.0,0,1,0,0,55,35,1,5,0,3,0,2,5,1,3,2,1,3,5,2,1,0,1,0,0,0.0,0.0,0,0,0,0,0,1,83,0,100,40,33,100,0,0,95,1,0,0
264,24-25-prem-wolverhampton-wanderers-vs-ipswich-town,84,0,0,1,0.03,0.43,0.03,1,0,0,3,32,13,1,2,1,0,0,2,5,0,1,0,2,2,6,1,1,1,0,0,0,0.0,0.0,0,0,0,0,0,0,68,50,0,14,100,0,0,0,84,1,0,0
557,24-25-prem-wolverhampton-wanderers-vs-ipswich-town,90,0,0,2,0.06,0.07,0.0,0,0,0,1,62,34,1,8,0,0,1,1,6,1,1,1,2,5,5,3,2,1,2,0,0,0.0,0.0,0,0,0,0,0,2,74,0,0,38,100,0,50,0,95,2,0,0
278,24-25-prem-wolverhampton-wanderers-vs-ipswich-town,90,0,0,0,0.0,0.02,0.0,0,0,0,1,60,36,1,9,0,1,0,2,7,0,3,2,5,2,11,2,0,0,1,0,0,0.0,0.0,0,0,0,0,0,2,84,0,20,20,0,0,0,0,95,1,0,0
265,24-25-prem-wolverhampton-wanderers-vs-ipswich-town,75,0,0,2,0.19,0.01,0.0,1,0,0,1,26,17,0,5,0,1,0,1,4,0,1,1,1,0,5,0,0,0,4,0,0,0.0,0.0,0,0,0,0,0,0,85,0,100,0,0,0,0,0,75,1,0,0
533,24-25-prem-wolverhampton-wanderers-vs-ipswich-town,89,0,0,1,0.05,0.21,0.0,0,1,0,4,67,37,1,2,1,1,3,1,8,0,1,1,1,8,4,8,0,3,1,0,0,0.0,0.0,0,0,0,0,0,4,84,100,50,80,0,100,75,0,95,2,0,0
630,24-25-prem-wolverhampton-wanderers-vs-ipswich-town,90,0,0,0,0.0,0.0,0.0,0,0,0,2,63,44,0,7,0,2,0,0,1,1,5,1,1,4,5,1,3,0,0,0,0,0.0,0.0,0,0,0,0,0,1,83,0,29,50,43,0,0,0,95,1,0,0
642,24-25-prem-wolverhampton-wanderers-vs-ipswich-town,45,0,0,0,0.0,0.01,0.0,0,0,0,0,31,23,0,2,0,0,1,0,0,0,2,0,1,2,3,2,0,0,1,0,0,0.0,0.0,0,0,0,0,0,2,85,0,0,50,0,0,50,0,46,1,0,0
550,24-25-prem-wolverhampton-wanderers-vs-ipswich-town,18,0,0,0,0.0,0.0,0.0,0,0,0,0,6,5,0,0,0,0,0,0,1,0,0,0,0,0,1,0,0,0,0,0,0,0.0,0.0,0,0,0,0,0,0,100,0,0,0,0,0,0,73,95,1,0,0
564,24-25-prem-wolverhampton-wanderers-vs-ipswich-town,90,0,0,0,0.0,0.01,0.0,0,0,0,0,67,58,0,2,0,0,1,0,3,0,1,1,0,3,5,2,1,0,2,0,0,0.0,0.0,0,0,0,0,0,2,95,0,0,50,25,0,50,0,95,2,0,0
543,24-25-prem-wolverhampton-wanderers-vs-ipswich-town,64,0,0,0,0.0,0.06,0.0,0,0,0,0,49,29,0,3,0,1,0,1,3,1,2,2,0,0,3,0,0,0,2,0,0,0.0,0.0,0,0,0,0,0,0,97,0,100,0,0,0,0,0,64,1,0,0
566,24-25-prem-wolverhampton-wanderers-vs-ipswich-town,90,0,0,5,0.55,0.01,0.75,2,0,0,11,37,11,1,0,0,1,0,0,1,0,0,0,1,5,10,0,5,0,0,0,0,0.0,0.0,0,0,0,0,0,0,73,0,100,0,56,0,0,0,95,2,0,0
275,24-25-prem-wolverhampton-wanderers-vs-ipswich-town,6,0,0,0,0.0,0.0,0.0,0,0,0,0,9,4,0,0,0,0,1,0,0,0,0,0,0,1,1,1,0,0,0,0,0,0.0,0.0,0,0,0,0,0,1,80,0,0,50,0,0,100,84,95,0,0,0
260,24-25-prem-wolverhampton-wanderers-vs-ipswich-town,6,0,0,1,0.06,0.0,0.0,0,1,0,2,4,2,0,0,0,0,0,0,1,0,0,0,0,1,0,1,0,0,0,0,0,0.0,0.0,0,0,0,0,0,0,100,0,0,100,0,100,0,84,95,0,0,0
